plant_genus_species,MF,abscission_num,barcode,herbarium,month,month_char,day,year,date,state,county,leafremoved,skel,stippling,blotch.mine,serpentine.mine,leafminer.oviholes,leaf.galls,leaf.roller,sooty.mould,unknown.lesions,aphids,spidermites,softscaleinsects
desmodium_canadense,NA_getlater,NA,NA,NEBC,9,Sep,5,1901,9/5/1901,Connecticut,Fairfield,1,0,0,0,0,0,0,0,0,0,1,0,0
carya_ovata,NA_getlater,NA,NA,NEBC,6,Jun,22,1963,6/22/1963,Connecticut,Fairfield,1,0,1,0,0,0,2,0,0,0,0,0,0
carya_ovata,NA_getlater,NA,NA,NEBC,6,Jun,22,1963,6/22/1963,Connecticut,Fairfield,2,0,0,0,0,0,0,0,0,0,0,0,0
carya_ovata,NA_getlater,NA,NA,Gray,5,May,25,1890,5/25/1890,Connecticut,Fairfield,0,0,0,0,0,0,0,0,0,0,0,0,0
quercus_bicolor,NA_getlater,NA,NA,Gray,5,May,14,1896,5/14/1896,Connecticut,Fairfield,3,0,0,0,0,0,0,0,0,0,0,0,0
vaccinium_angustifolium,EH_Eames,NA,NA,GH,5,May,13,1898,5/13/1898,Connecticut,Fairfield,0,0,0,0,0,0,0,0,0,0,0,0,0
vaccinium_angustifolium,EH_Eames,2,NA,NEBC,5,May,16,1898,5/16/1898,Connecticut,Fairfield,0,0,0,0,0,0,0,0,0,0,0,0,0
vaccinium_angustifolium,EH_Eames,NA,NA,NEBC,5,May,16,1898,5/16/1898,Connecticut,Fairfield,1,0,0,0,0,0,0,0,0,0,0,0,0
quercus_bicolor,NA_getlater,NA,NA,NEBC,5,May,14,1896,5/14/1896,Connecticut,Farifield,2,0,0,0,0,0,0,0,0,0,0,0,0
carya_ovata,NA_getlater,NA,NA,NEBC,6,Jun,17,1906,6/17/1906,Connecticut,Hartford,3,0,0,0,0,0,0,0,0,0,0,0,0
vaccinium_angustifolium,CA_Weatherby,2910,NA,NEBC,5,May,6,1913,5/6/1913,Connecticut,Hartford,1,0,0,0,0,0,0,0,0,0,0,0,0
vaccinium_angustifolium,AE_Blewitt,1754,NA,NEBC,6,Jun,29,1913,6/29/1913,Connecticut,Hartford,4,0,0,0,0,0,0,0,0,0,0,0,0
quercus_bicolor,NA_getlater,NA,NA,NEBC,8,Aug,1,1918,8/1/1918,Connecticut,Hartford,3,0,0,0,0,0,0,0,0,0,0,0,0
desmodium_canadense,NA_getlater,3644,NA,Gray,8,Aug,11,2005,8/11/2005,Connecticut,Hartford,5,1,0,0,0,0,0,0,0,0,0,0,0
carya_ovata,NA_getlater,NA,NA,NEBC,7,Jul,11,1898,7/11/1898,Connecticut,Hartford,0,0,0,0,0,0,3,1,0,2,0,0,0
quercus_bicolor,NA_getlater,NA,NA,NEBC,8,Aug,3,1898,8/3/1898,Connecticut,Hartford,2,0,2,0,0,0,0,0,0,0,0,0,1
desmodium_canadense,NA_getlater,NA,NA,NEBC,8,Aug,6,1898,8/6/1898,Connecticut,Hartford,1,4,0,0,0,0,0,0,0,0,0,0,0
vaccinium_angustifolium,CA_Weatherby,5667,NA,GH,5,May,19,1927,5/19/1927,Connecticut,Litchfield,0,0,0,0,0,0,0,0,0,0,0,0,0
vaccinium_angustifolium,UFW_CA_Weatherby,5667,NA,NEBC,5,May,19,1927,5/19/1927,Connecticut,Litchfield,0,0,0,0,0,0,0,0,0,0,0,0,0
desmodium_canadense,NA_getlater,90446,NA,NEBC,8,Aug,28,1980,8/28/1980,Connecticut,Litchfield,4,0,0,0,0,0,0,0,0,3,0,0,0
vaccinium_angustifolium,LJ_Mehrhoff_J_Reynolds,15488,NA,NEBC,5,May,18,1992,5/18/1992,Connecticut,Litchfield,1,0,0,0,0,0,0,0,0,0,0,0,0
vaccinium_angustifolium,EBH,NA,NA,NEBC,7,Jul,30,1899,7/30/1899,Connecticut,New Haven,1,1,0,0,0,0,0,0,0,0,0,0,0
vaccinium_angustifolium,CB_Graves,NA,NA,GH,6,Jun,17,1899,6/17/1899,Connecticut,New London,1,0,0,0,0,0,0,0,0,0,0,0,0
quercus_bicolor,NA_getlater,NA,NA,NEBC,5,May,13,1910,5/13/1910,Connecticut,New Haven,0,0,0,0,0,0,0,0,0,0,0,0,0
desmodium_canadense,NA_getlater,NA,NA,NEBC,8,Aug,6,1911,8/6/1911,Connecticut,New Haven,1,2,0,0,0,0,0,0,0,0,0,0,0
quercus_bicolor,NA_getlater,NA,NA,NEBC,6,Jun,8,1888,6/8/1888,Connecticut,New Haven,1,0,0,0,0,0,0,0,0,0,0,0,0
desmodium_canadense,NA_getlater,NA,NA,NEBC,7,Jul,21,1896,7/21/1896,Connecticut,New Haven,1,0,0,0,0,0,0,0,0,0,0,0,0
desmodium_canadense,NA_getlater,NA,NA,NEBC,8,Aug,3,1896,8/3/1896,Connecticut,New Haven,2,3,0,0,0,0,0,0,0,0,0,0,0
carya_ovata,NA_getlater,NA,NA,NEBC,6,Jun,6,1897,6/6/1897,Connecticut,New Haven,0,0,0,0,0,0,0,0,0,2,0,0,0
desmodium_canadense,NA_getlater,NA,NA,NEBC,8,Aug,15,1909,8/15/1909,Connecticut,New London,1,1,0,0,0,0,0,0,0,0,0,0,0
quercus_bicolor,NA_getlater,10080,NA,Gray,5,May,25,1981,5/25/1981,Connecticut,New London,5,0,0,0,0,0,0,0,0,0,0,0,0
quercus_bicolor,NA_getlater,NA,NA,NEBC,8,Aug,22,1985,8/22/1985,Connecticut,New London,1,0,4,0,0,0,0,0,0,2,0,0,0
desmodium_canadense,NA_getlater,17076,NA,Gray,8,Aug,16,1986,8/16/1986,Connecticut,New London,1,1,0,0,0,0,0,0,0,0,0,0,0
carya_ovata,NA_getlater,22495,NA,Gray,8,Aug,6,1991,8/6/1991,Connecticut,New London,3,0,0,0,0,0,0,0,0,0,0,0,0
carya_ovata,NA_getlater,5473,NA,NEBC,6,Jun,9,1926,6/9/1926,Connecticut,Tolland,0,0,0,0,0,0,0,0,0,0,0,0,0
vaccinium_angustifolium,LJ_Mehrhoff,3663,NA,NEBC,5,May,3,1981,5/3/1981,Connecticut,Tolland,0,0,0,0,0,0,0,0,0,0,0,0,0
carya_ovata,NA_getlater,14777,NA,NEBC,7,Jul,21,1991,7/21/1991,Connecticut,Tolland,2,2,0,0,0,0,0,0,1,1,0,0,0
carya_ovata,NA_getlater,19301,NA,NEBC,5,May,31,1997,5/31/1997,Connecticut,Tolland,0,0,0,0,0,0,0,0,0,0,0,0,0
quercus_bicolor,NA_getlater,5185,NA,NEBC,6,Jun,24,1923,6/24/1923,Connecticut,Windham,1,0,2,0,0,0,0,0,0,0,0,0,0
carya_ovata,NA_getlater,NA,NA,NEBC,5,May,27,1933,5/27/1933,Connecticut,Windham,0,0,0,0,0,0,0,0,0,0,0,0,0
carya_ovata,NA_getlater,NA,NA,NEBC,7,Jul,8,1965,7/8/1965,Connecticut,Windham,0,0,2,0,0,0,0,0,0,0,0,0,0
carya_ovata,NA_getlater,19310,NA,NEBC,6,Jun,1,1997,6/1/1997,Connecticut,Windham,1,0,0,0,0,0,0,0,0,0,0,0,0
desmodium_canadense,NA_getlater,NA,NA,NEBC,7,Jul,23,1915,7/23/1915,Maine,Androscaggin,0,1,0,0,0,0,0,0,0,0,0,0,0
desmodium_canadense,NA_getlater,2005,NA,NEBC,7,Jul,22,1898,7/22/1898,Maine,Androscaggin,1,0,0,0,0,0,0,0,0,0,0,0,0
carya_ovata,NA_getlater,NA,NA,NEBC,6,Jun,27,1897,6/27/1897,Maine,Androscoggin,0,0,0,0,0,0,0,0,0,0,0,0,0
carya_ovata,NA_getlater,NA,NA,NEBC,6,Jun,27,1897,6/27/1897,Maine,Androscoggin,3,0,2,0,0,0,0,0,0,0,0,0,0
vaccinium_angustifolium,K_Furbish,NA,NA,NEBC,7,Jul,24,1896,7/24/1896,Maine,Androscoggin,0,0,0,0,0,0,0,0,0,1,0,0,0
desmodium_canadense,NA_getlater,NA,NA,Gray,8,Aug,1,1900,8/1/1900,Maine,Aroostook,1,0,1,0,0,0,0,0,0,0,0,0,0
vaccinium_angustifolium,RA_Ware,NA,NA,NEBC,7,Jul,18,1908,7/18/1908,Maine,Aroostook,0,0,0,0,0,0,0,0,0,0,0,0,0
desmodium_canadense,NA_getlater,1972,NA,NEBC,8,Aug,10,1909,8/10/1909,Maine,Aroostook,3,0,0,0,0,0,0,0,0,0,0,0,0
desmodium_canadense,NA_getlater,NA,NA,NEBC,7,Jul,23,1917,7/23/1917,Maine,Aroostook,1,0,0,0,0,0,0,0,0,0,0,0,0
desmodium_canadense,NA_getlater,NA,NA,NEBC,7,Jul,28,1917,7/28/1917,Maine,Aroostook,0,0,0,0,0,0,0,0,0,0,0,0,0
desmodium_canadense,NA_getlater,1348,NA,NEBC,8,Aug,17,1938,8/17/1938,Maine,Aroostook,2,1,0,0,0,0,0,0,0,0,0,0,0
desmodium_canadense,NA_getlater,NA,NA,NEBC,8,Aug,26,1965,8/26/1965,Maine,Aroostook,1,0,0,0,0,0,0,0,0,0,1,0,0
vaccinium_angustifolium,ML_Fernald,2410,NA,NEBC,6,Jun,8,1898,6/8/1898,Maine,Aroostook,0,1,0,0,0,0,0,0,0,0,0,0,0
carya_ovata,NA_getlater,NA,NA,NEBC_,6,Jun,23,1902,6/23/1902,Maine,Cumberland,0,0,0,0,0,0,0,0,0,2,0,0,0
carya_ovata,NA_getlater,NA,NA,Gray,7,Jul,27,1903,7/27/1903,Maine,Cumberland,0,0,0,0,0,0,0,0,0,2,0,0,0
carya_ovata,NA_getlater,NA,NA,Gray,7,Jul,27,1903,7/27/1903,Maine,Cumberland,0,0,0,0,0,0,0,0,0,2,0,0,0
vaccinium_angustifolium,K_Furbish,NA,NA,NEBC,7,Jul,4,1904,7/4/1904,Maine,Cumberland,2,0,0,0,0,0,0,0,0,0,0,0,0
desmodium_canadense,NA_getlater,134,NA,NEBC,8,Aug,7,1904,8/7/1904,Maine,Cumberland,3,0,0,0,0,0,0,0,0,0,0,0,0
desmodium_canadense,NA_getlater,757,NA,NEBC,8,Aug,19,1904,8/19/1904,Maine,Cumberland,0,0,0,0,0,0,0,0,0,3,0,0,0
desmodium_canadense,NA_getlater,NA,NA,NEBC,8,Aug,11,1908,8/11/1908,Maine,Cumberland,3,0,3,0,0,0,0,0,0,0,0,0,0
carya_ovata,NA_getlater,NA,NA,NEBC,7,Jul,26,1921,7/26/1921,Maine,Cumberland,0,0,0,0,0,0,0,0,0,3,0,0,0
vaccinium_angustifolium,CH_Knowlton,NA,NA,NEBC,8,Aug,24,1909,8/24/1909,Maine,Franklin,5,2,0,0,0,0,0,0,0,0,0,0,0
desmodium_canadense,NA_getlater,NA,NA,NEBC,8,Aug,6,1913,8/6/1913,Maine,Franklin,1,1,0,0,0,0,0,0,0,0,1,0,0
desmodium_canadense,NA_getlater,17520,NA,NEBC,8,Aug,9,1919,8/9/1919,Maine,Franklin,0,0,0,0,0,0,0,0,0,3,0,0,0
vaccinium_angustifolium,AS_Pease,26760,NA,NEBC,7,Jul,21,1938,7/21/1938,Maine,Franklin,0,0,0,0,0,0,0,0,0,1,0,0,0
vaccinium_angustifolium,AS_Pease,26832,NA,NEBC,7,Jul,21,1938,7/21/1938,Maine,Franklin,0,2,0,0,0,0,0,0,0,0,0,0,0
vaccinium_angustifolium,CH_Knowlton,NA,NA,NEBC,6,Jun,27,1940,6/27/1940,Maine,Franklin,0,0,0,0,0,0,0,0,0,0,0,0,0
vaccinium_angustifolium,CH_Knowlton,604,NA,NEBC,7,Jul,4,1899,7/4/1899,Maine,Franklin,1,0,0,0,0,0,0,0,0,0,0,0,0
desmodium_canadense,NA_getlater,513,NA,NEBC,8,Aug,28,1931,8/28/1931,Maine,Ft Knox,2,1,0,0,0,0,0,0,0,0,1,0,0
vaccinium_angustifolium,AF_Hill,2345,NA,NEBC,8,Aug,17,1915,8/17/1915,Maine,Hancock,2,0,0,0,0,0,0,0,0,1,0,0,0
vaccinium_angustifolium,RC_Bean,NA,NA,NEBC,8,Aug,11,1931,8/11/1931,Maine,Hancock,5,1,0,0,0,0,0,0,0,0,0,0,0
vaccinium_angustifolium,RC_Bean,NA,NA,NEBC,8,Aug,11,1931,8/11/1931,Maine,Hancock,5,0,0,0,0,0,0,0,0,4,0,0,0
carya_ovata,NA_getlater,5622,NA,NEBC,8,Aug,22,1963,8/22/1963,Maine,Hancock,0,0,0,0,0,0,0,0,0,3,0,0,0
vaccinium_angustifolium,EL_Rand,NA,NA,NEBC,8,Aug,30,1895,8/30/1895,Maine,Hancock,5,0,0,0,0,0,0,0,0,1,0,0,0
vaccinium_angustifolium,EF_Williams,NA,NA,NEBC,7,Jul,12,1897,7/12/1897,Maine,Hancock,1,0,0,0,0,0,0,0,0,0,0,0,0
vaccinium_angustifolium,?,NA,NA,GH,7,Jul,13,1897,7/13/1897,Maine,Hancock,2,0,0,0,0,0,0,0,0,0,0,0,0
vaccinium_angustifolium,EF_Williams,NA,NA,GH,7,Jul,25,1899,7/25/1899,Maine,Hancock,2,0,0,0,0,0,0,0,0,0,0,0,0
desmodium_canadense,NA_getlater,2541,NA,NEBC,8,Aug,5,1907,8/5/1907,Maine,Kennebec,3,0,0,0,0,0,0,0,0,0,0,0,0
desmodium_canadense,NA_getlater,2541,NA,NEBC,8,Aug,5,1907,8/5/1907,Maine,Kennebec,4,1,0,0,0,0,0,0,0,0,0,0,0
vaccinium_angustifolium,K_Furbish,NA,NA,NEBC,8,Aug,8,1912,8/8/1912,Maine,Kennebec,3,0,0,0,0,0,0,0,0,0,0,0,0
carya_ovata,NA_getlater,15747,NA,NEBC,9,Sep,3,1915,9/3/1915,Maine,Kennebec,0,0,0,0,0,0,0,0,0,4,0,0,0
vaccinium_angustifolium,As_Pease,1051,NA,NEBC,9,Sep,2,1902,9/2/1902,Maine,Knox,2,1,0,0,0,0,0,0,0,0,0,0,0
vaccinium_angustifolium,CAE_Long,NA,NA,NEBC,8,Aug,21,1920,8/21/1920,Maine,Knox,1,0,0,0,0,0,0,0,0,0,0,0,0
desmodium_canadense,NA_getlater,513,NA,NEBC,8,Aug,28,1931,8/28/1931,Maine,Knox,2,0,0,0,0,0,0,0,0,0,0,0,0
vaccinium_angustifolium,RC_Bean,NA,NA,NEBC,6,Jun,24,1934,6/24/1934,Maine,Knox,1,0,0,0,0,0,0,0,0,0,0,0,0
vaccinium_angustifolium,GB_Rossbach,NA,NA,NEBC,5,May,19,1937,5/19/1937,Maine,Knox,5,0,0,0,0,0,0,0,0,0,0,0,0
desmodium_canadense,NA_getlater,NA,NA,NEBC,7,Jul,27,1932,7/27/1932,Maine,Lincoln,2,0,4,0,0,0,0,0,0,0,2,0,0
desmodium_canadense,NA_getlater,NA,NA,NEBC,7,Jul,27,1932,7/27/1932,Maine,Lincoln,1,0,3,0,0,0,0,0,0,0,0,0,0
desmodium_canadense,NA_getlater,704,NA,NEBC,8,Aug,15,1898,8/15/1898,Maine,Lincoln,0,0,0,1,0,0,0,0,0,0,1,0,0
vaccinium_angustifolium,ML_Fernald,NA,NA,GH,7,Jul,14,1900,7/14/1900,Maine,Piscataquis,0,0,0,0,0,0,0,0,0,0,0,0,0
vaccinium_angustifolium,ML_Fernald,NA,NA,GH,7,Jul,12,1900,7/12/1900,Maine,Piscataquis,0,0,0,0,0,0,0,0,0,0,0,0,0
vaccinium_angustifolium,CA_Weatherby,NA,NA,NEBC,7,Jul,5,1914,7/5/1914,Maine,Oxford,4,0,0,0,0,0,0,0,0,0,0,0,0
desmodium_canadense,NA_getlater,NA,NA,NEBC,7,Jul,12,1914,7/12/1914,Maine,Oxford,0,0,0,0,0,0,0,0,0,0,0,0,0
desmodium_canadense,NA_getlater,NA,NA,NEBC,7,Jul,12,1914,7/12/1914,Maine,Oxford,0,0,0,0,0,0,0,0,0,0,0,0,0
vaccinium_angustifolium,AS_Pease,NA,NA,NEBC,8,Aug,25,1919,8/25/1919,Maine,Oxford,5,3,0,0,0,0,0,0,0,0,0,0,0
vaccinium_angustifolium,RC_Bean,NA,NA,NEBC,7,Jul,8,1920,7/8/1920,Maine,Oxford,0,0,0,0,0,0,0,0,0,0,0,0,0
carya_ovata,NA_getlater,144,NA,Arnold,7,Jul,20,1934,7/20/1934,Maine,Oxford,0,0,3,0,0,0,0,0,0,0,0,0,0
desmodium_canadense,NA_getlater,32868,NA,NEBC,7,Jul,18,1947,7/18/1947,Maine,Oxford,0,0,0,0,0,0,0,0,0,0,0,0,0
desmodium_canadense,NA_getlater,32868,NA,NEBC,7,Jul,18,1947,7/18/1947,Maine,Oxford,0,0,0,0,0,0,0,0,0,0,0,0,0
desmodium_canadense,NA_getlater,34654,NA,NEBC,7,Jul,22,1949,7/22/1949,Maine,Oxford,1,0,0,0,0,0,0,0,0,0,0,0,0
desmodium_canadense,NA_getlater,34654,NA,NEBC,7,Jul,22,1949,7/22/1949,Maine,Oxford,0,0,0,0,0,0,0,0,0,1,0,0,0
vaccinium_angustifolium,RC_Bean,NA,NA,NEBC,8,Aug,20,1964,8/20/1964,Maine,Oxford,3,0,0,0,0,0,0,0,0,0,0,0,0
vaccinium_angustifolium,ML_Fernald,NA,NA,NEBC,8,Aug,18,1900,8/18/1900,Maine,Penebscot,1,0,0,0,0,0,0,0,0,1,0,0,0
vaccinium_angustifolium,ML_Fernald,NA,NA,NEBC,8,Aug,18,1900,8/18/1900,Maine,Penebscot,0,0,0,0,0,0,0,0,0,0,0,0,0
vaccinium_angustifolium,AF_Hill,1420,NA,NEBC,6,Jun,11,1914,6/11/1914,Maine,Penebscot,1,0,0,0,0,0,0,0,0,0,0,0,0
vaccinium_angustifolium,ML_Fernald_B_Long,NA,NA,NEBC,7,Jul,10,1916,7/10/1916,Maine,Penebscot,0,0,0,0,0,0,0,0,0,0,0,0,0
vaccinium_angustifolium,ML_Fernald,362,NA,GH,7,Jul,29,1895,7/29/1895,Maine,Penebscot,3,0,0,0,0,0,0,0,0,1,0,0,0
vaccinium_angustifolium,ML_Fernald,362,NA,NEBC,7,Jul,9,1895,7/9/1895,Maine,Penebscot,0,0,0,0,0,0,0,0,0,0,0,0,0
vaccinium_angustifolium,ML_Fernald,NA,NA,NEBC,5,May,15,1889,5/15/1889,Maine,Penebscot,0,0,0,0,0,0,0,0,0,0,0,0,0
desmodium_canadense,NA_getlater,13961,NA,NEBC,7,Jul,10,1916,7/10/1916,Maine,Penobscot,0,0,0,0,0,0,0,0,0,0,1,0,0
desmodium_canadense,NA_getlater,NA,NA,NEBC,7,Jul,10,1889,7/10/1889,Maine,Penobscot,0,0,0,0,0,0,0,0,0,0,0,0,0
desmodium_canadense,NA_getlater,NA,NA,NEBC,7,Jul,26,1889,7/26/1889,Maine,Penobscot,0,0,0,0,0,0,0,0,0,0,0,0,0
desmodium_canadense,NA_getlater,NA,NA,NEBC,8,Aug,19,1897,8/19/1897,Maine,Penobscot,0,2,0,0,0,0,0,0,0,0,0,0,0
vaccinium_angustifolium,ML_Fernald,NA,NA,NEBC,5,May,22,1896,5/22/1896,Maine,Piscataquis,0,0,0,0,0,0,0,0,0,0,0,0,0
vaccinium_angustifolium,GB_Fernald,NA,NA,NEBC,5,May,22,1896,5/22/1896,Maine,Piscataquis,0,0,0,0,0,0,0,0,0,0,0,0,0
vaccinium_angustifolium,GB_Fernald,NA,NA,NEBC,9,Sep,16,1898,9/16/1898,Maine,Piscataquis,1,2,0,0,0,0,0,0,0,0,0,0,0
vaccinium_angustifolium,K_Furbish,NA,NA,NEBC,6,Jun,28,1913,6/28/1913,Maine,Sagadahoc,3,0,0,0,0,0,0,0,0,0,0,0,0
vaccinium_angustifolium,K_Furbish,NA,NA,NEBC,7,Jul,12,1913,7/12/1913,Maine,Sagadahoc,1,0,0,0,0,0,0,0,0,0,0,0,0
carya_ovata,NA_getlater,10,NA,Arnold,8,Aug,2,1921,8/2/1921,Maine,Sagadahoc,0,0,0,1,0,0,0,0,0,0,0,0,0
carya_ovata,NA_getlater,10,NA,Arnold,8,Aug,2,1921,8/2/1921,Maine,Sagadahoc,0,0,3,0,0,0,0,0,0,0,0,0,0
vaccinium_angustifolium,A_Rehder,1015,NA,AA,8,Aug,1,1924,8/1/1924,Maine,Sagadahoc,4,1,0,0,0,0,0,0,0,0,0,0,0
carya_ovata,NA_getlater,NA,NA,NEBC,6,Jun,27,1957,6/27/1957,Maine,Sagadahoc,0,0,4,0,0,0,0,0,0,3,0,0,0
carya_ovata,NA_getlater,NA,NA,NEBC,6,Jun,27,1957,6/27/1957,Maine,Sagadahoc,0,0,1,0,0,0,0,0,0,1,0,0,0
vaccinium_angustifolium,JF_Collins_EB_Chamberlain,NA,NA,NEBC,8,Aug,16,1902,8/16/1902,Maine,Somerset,5,0,0,0,0,0,0,0,0,5,0,0,0
vaccinium_angustifolium,RC_Bean,NA,NA,NEBC,8,Aug,23,1907,8/23/1907,Maine,Somerset,1,0,0,0,0,0,0,0,0,1,0,0,0
vaccinium_angustifolium,CH_Knowlton,NA,NA,NEBC,7,Jul,28,1915,7/28/1915,Maine,Somerset,0,0,0,0,0,0,0,0,0,0,0,0,0
desmodium_canadense,NA_getlater,NA,NA,NEBC,7,Jul,24,1916,7/24/1916,Maine,Somerset,3,0,0,0,0,0,0,0,0,0,0,0,0
desmodium_canadense,NA_getlater,NA,NA,NEBC,8,Aug,11,1927,8/11/1927,Maine,Somerset,5,0,0,0,0,0,0,0,0,0,0,0,0
desmodium_canadense,NA_getlater,NA,NA,NEBC,7,Jul,20,1896,7/20/1896,Maine,Somerset,0,0,0,0,0,0,0,0,0,0,0,0,0
desmodium_canadense,NA_getlater,NA,NA,NEBC,8,Aug,3,1896,8/3/1896,Maine,Somerset,0,0,0,0,0,0,0,0,0,0,0,0,0
vaccinium_angustifolium,ML_Fernald_WC_Strong,NA,NA,GH,8,Sep,17,1896,8/17/1896,Maine,Somerset,1,0,0,0,0,0,0,0,0,0,0,0,0
desmodium_canadense,NA_getlater,2372,NA,NEBC,9,Sep,4,1935,9/4/1935,Maine,Strafford,1,1,0,0,0,0,0,0,0,0,0,0,0
desmodium_canadense,NA_getlater,4104,NA,NEBC,7,Jul,17,1942,7/17/1942,Maine,Strafford,0,1,0,0,0,0,0,0,0,0,0,0,0
desmodium_canadense,NA_getlater,4131,NA,NEBC,6,Jun,11,1947,6/11/1947,Maine,Strafford,0,0,0,0,0,0,0,0,0,0,0,0,0
vaccinium_angustifolium,GB_Rossbach,NA,NA,NEBC,8,Aug,29,1931,8/29/1931,Maine,Waldo,3,2,0,0,0,0,0,0,0,0,0,0,0
vaccinium_angustifolium,GB_Rossbach,649,NA,NEBC,6,Jun,19,1935,6/19/1935,Maine,Waldo,1,0,0,0,0,0,0,0,0,0,0,0,0
vaccinium_angustifolium,RC_Bean,NA,NA,NEBC,7,Jul,24,1940,7/24/1940,Maine,Waldo,3,0,0,0,0,0,0,0,0,0,0,0,0
vaccinium_angustifolium,GG_Kennedy_EF_Williams_JF_Collins_ML_Fernald,NA,NA,NEBC,7,Jul,3,1902,7/3/1902,Maine,Washington,3,0,0,0,0,0,0,0,0,0,0,0,0
vaccinium_angustifolium,ML_Fernald,NA,NA,GH,7,Jul,26,1909,7/26/1909,Maine,Washington,0,0,0,0,0,0,0,0,0,0,0,0,0
vaccinium_angustifolium,ML_Fernald,NA,NA,NEBC,7,Jul,27,1909,7/27/1909,Maine,Washington,2,1,0,0,0,0,0,0,0,0,0,0,0
vaccinium_angustifolium,CH_Knowlton,NA,NA,NEBC,8,Aug,4,1916,8/4/1916,Maine,Washington,3,0,0,0,0,0,0,0,0,3,0,0,0
vaccinium_angustifolium,CH_Knowlton,NA,NA,NEBC,8,Aug,11,1942,8/11/1942,Maine,Washington,0,0,0,0,0,0,0,0,0,1,0,0,0
vaccinium_angustifolium,SR_Hill,20861,NA,GH,8,Aug,3,1989,8/3/1989,Maine,Washington,3,3,0,0,0,0,0,0,0,0,0,0,0
carya_ovata,NA_getlater,NA,NA,NEBC,7,Jul,31,1900,7/31/1900,Maine,York,0,0,0,0,0,0,0,0,0,0,0,0,0
carya_ovata,NA_getlater,NA,NA,NEBC,8,Aug,18,1905,8/18/1905,Maine,York,0,0,0,0,0,0,2,0,0,3,0,0,0
desmodium_canadense,F,96,NA,Gray,7,Jul,11,1915,7/11/1915,Maine,York,1,0,0,2,0,0,0,0,0,0,0,0,0
carya_ovata,NA_getlater,NA,NA,NEBC,8,Aug,11,1916,8/11/1916,Maine,York,0,1,0,0,0,0,0,0,0,4,0,0,0
carya_ovata,NA_getlater,NA,NA,Gray,8,Aug,11,1916,8/11/1916,Maine,York,NA,NA,NA,NA,NA,NA,NA,0,NA,NA,NA,NA,NA
carya_ovata,NA_getlater,NA,NA,NEBC,8,Aug,29,1916,8/29/1916,Maine,York,0,0,0,0,0,0,0,0,0,5,0,0,0
carya_ovata,NA_getlater,13431,NA,NEBC,8,Aug,29,1916,8/29/1916,Maine,York,0,0,1,0,1,0,0,0,0,3,0,0,0
carya_ovata,NA_getlater,NA,NA,Arnold,7,Jul,21,1918,7/21/1918,Maine,York,0,0,2,0,0,0,0,0,0,2,0,0,0
desmodium_canadense,F,NA,NA,NEBC,7,Jul,24,1922,7/24/1922,Maine,York,1,0,0,0,0,0,0,0,0,0,0,0,0
desmodium_canadense,NA_getlater,NA,NA,NEBC,6,Jun,23,1936,6/23/1936,Maine,York,2,0,0,0,0,0,0,0,0,0,0,0,0
carya_ovata,NA_getlater,NA,NA,NEBC,6,Jun,24,1954,6/24/1954,Maine,York,0,0,0,0,0,0,2,0,0,5,0,0,0
vaccinium_angustifolium,TW_Wells,NA,NA,NEBC,7,Jul,28,1967,7/28/1967,Maine,York,0,0,0,0,0,0,0,0,0,0,0,0,0
carya_ovata,NA_getlater,NA,NA,NEBC,6,Jun,6,1891,6/6/1891,Maine,York,0,0,0,0,0,0,0,0,0,0,0,0,0
carya_ovata,NA_getlater,NA,NA,NEBC,6,Jun,10,1894,6/10/1894,Maine,York,1,0,0,0,0,0,0,0,0,0,0,0,0
carya_ovata,NA_getlater,NA,NA,NEBC,7,Jul,8,1898,7/8/1898,Maine,York,0,0,0,0,0,0,0,0,0,5,0,0,0
vaccinium_angustifolium,GG_Kennedy,NA,NA,NEBC,7,Jul,21,1909,7/21/1909,Massachusetts,Barnstable,3,0,0,0,0,0,0,0,0,0,0,0,0
vaccinium_angustifolium,CH_Knowlton,NA,NA,NEBC,7,Jul,8,1915,7/8/1915,Massachusetts,Barnstable,3,0,0,0,0,0,0,0,0,0,0,0,0
vaccinium_angustifolium,ML_Fernald_B_Long,17276,NA,NEBC,8,Aug,22,1918,8/22/1918,Massachusetts,Barnstable,5,2,0,0,0,0,0,0,0,0,0,0,0
vaccinium_angustifolium,ML_Fernald_B_Long,18937,NA,NEBC,7,Jul,17,1919,7/17/1919,Massachusetts,Barnstable,2,0,0,0,0,0,0,0,0,0,0,0,0
vaccinium_angustifolium,CH_Knowlton,NA,NA,NEBC,8,Aug,23,1920,8/23/1920,Massachusetts,Barnstable,3,1,0,0,0,0,0,0,0,0,0,0,0
quercus_bicolor,NA_getlater,NA,NA,Arnold,5,May,30,1963,5/30/1963,Massachusetts,Barnstable,0,0,0,0,0,0,0,0,0,0,0,0,0
vaccinium_angustifolium,RJ_Eaton_HK_Svensen,450,NA,NEBC,6,Jun,11,1971,6/11/1971,Massachusetts,Barnstable,1,0,0,0,0,0,0,0,0,0,0,0,0
vaccinium_angustifolium,EF_Williams,NA,NA,GH,6,Jun,16,1901,6/16/1901,Massachusetts,Berkshire,1,0,0,0,0,0,0,0,0,3,0,0,0
desmodium_canadense,NA_getlater,NA,NA,NEBC,8,Aug,22,1902,8/22/1902,Massachusetts,Berkshire,3,1,0,0,0,0,0,0,0,0,0,0,0
quercus_bicolor,NA_getlater,NA,NA,NEBC_,9,Sep,6,1912,9/6/1912,Massachusetts,Berkshire,0,0,0,4,0,0,0,0,0,4,0,0,0
desmodium_canadense,NA_getlater,NA,NA,NEBC,8,Aug,11,1916,8/11/1916,Massachusetts,Berkshire,2,0,0,0,0,0,0,0,0,0,0,0,0
vaccinium_angustifolium,JR_Churchill,NA,NA,NEBC,8,Aug,14,1916,8/14/1916,Massachusetts,Berkshire,3,1,0,0,0,0,0,0,0,0,0,0,0
carya_ovata,NA_getlater,NA,NA,NEBC,5,May,30,1918,5/30/1918,Massachusetts,Berkshire,2,0,0,0,0,0,0,0,0,0,0,0,0
quercus_bicolor,NA_getlater,NA,NA,Gray,5,May,28,1919,5/28/1919,Massachusetts,Berkshire,4,0,0,0,0,0,0,0,0,0,0,0,0
carya_ovata,NA_getlater,NA,NA,NEBC,7,Jul,2,1920,7/2/1920,Massachusetts,Berkshire,0,0,1,0,0,0,0,0,0,0,0,0,0
carya_ovata,NA_getlater,NA,NA,Gray,7,Jul,2,1920,7/2/1920,Massachusetts,Berkshire,2,0,1,0,0,0,0,0,0,1,0,0,0
desmodium_canadense,NA_getlater,NA,NA,NEBC,7,Jul,23,1920,7/23/1920,Massachusetts,Berkshire,3,0,0,0,0,0,0,0,0,0,0,0,0
quercus_bicolor,NA_getlater,NA,NA,NEBC_,8,Aug,2,1920,8/2/1920,Massachusetts,Berkshire,2,0,0,0,0,0,0,0,0,2,0,0,0
vaccinium_angustifolium,AK_Harris,NA,NA,NEBC,8,Aug,27,1948,8/27/1948,Massachusetts,Berkshire,4,2,0,0,0,0,0,0,0,0,0,0,0
carya_ovata,NA_getlater,NA,NA,NEBC,8,Aug,29,1990,8/29/1990,Massachusetts,Berkshire,3,0,0,0,0,0,0,0,0,4,0,0,0
desmodium_canadense,NA_getlater,2867,NA,NEBC,8,Aug,9,1914,8/9/1914,Massachusetts,Branstable,0,0,0,0,0,0,0,0,0,0,0,0,0
desmodium_canadense,NA_getlater,2918,NA,NEBC,8,Aug,12,1914,8/12/1914,Massachusetts,Branstable,1,0,0,0,0,0,0,0,0,0,0,0,0
desmodium_canadense,NA_getlater,18633,NA,NEBC,9,Sep,7,1919,9/7/1919,Massachusetts,Branstable,2,2,0,0,0,0,0,0,0,1,0,0,0
desmodium_canadense,NA_getlater,541,NA,NEBC,9,Sep,6,1923,9/6/1923,Massachusetts,Branstable,3,0,0,2,0,0,0,0,0,0,0,0,0
desmodium_canadense,NA_getlater,2408,NA,NEBC,8,Aug,9,1927,8/9/1927,Massachusetts,Branstable,5,5,0,4,0,0,0,0,0,0,0,0,0
quercus_bicolor,NA_getlater,NA,NA,NEBC,6,Jun,8,1904,6/8/1904,Massachusetts,Bristol,NA,NA,NA,NA,NA,NA,NA,NA,NA,NA,NA,NA,NA
vaccinium_angustifolium,Oakes_Ames,6183,NA,OA,5,May,19,1916,5/19/1916,Massachusetts,Bristol,0,0,0,0,0,0,0,0,0,0,0,0,0
quercus_bicolor,NA_getlater,NA,NA,NEBC,7,Jul,9,1923,7/9/1923,Massachusetts,Bristol,3,1,0,0,0,0,0,0,0,0,0,0,0
vaccinium_angustifolium,CA_Weatherby,NA,NA,NEBC,5,May,23,1934,5/23/1934,Massachusetts,Bristol,0,0,0,0,0,0,0,0,0,0,0,0,0
quercus_bicolor,NA_getlater,NA,NA,NEBC,9,Sep,17,1935,9/17/1935,Massachusetts,Bristol,4,0,0,0,0,0,0,0,0,2,0,0,0
vaccinium_angustifolium,W_Moherg,NA,NA,GH,8,Aug,30,1936,8/30/1936,Massachusetts,Bristol,1,0,0,0,0,0,0,0,0,0,0,0,0
carya_ovata,NA_getlater,NA,NA,Gray,7,Jul,15,1957,7/15/1957,Massachusetts,Bristol,0,0,0,0,0,0,0,0,0,1,0,0,0
carya_ovata,NA_getlater,17184,NA,NEBC,7,Jul,15,1957,7/15/1957,Massachusetts,Bristol,NA,NA,NA,NA,NA,NA,NA,NA,NA,NA,NA,NA,NA
quercus_bicolor,NA_getlater,NA,NA,NEBC,9,Sep,16,1957,9/16/1957,Massachusetts,Bristol,0,0,0,2,3,0,0,0,0,0,0,0,0
quercus_bicolor,NA_getlater,NA,NA,Oakes_Ames,9,Sep,16,1957,9/16/1957,Massachusetts,Bristol,5,0,0,0,0,0,0,0,0,0,0,0,0
vaccinium_angustifolium,FC_Seymour,19691,NA,NEBC,5,May,7,1962,5/7/1962,Massachusetts,Bristol,2,0,0,0,0,0,0,0,0,0,0,0,0
desmodium_canadense,NA_getlater,NA,NA,NEBC,10,Oct,5,1911,10/5/1911,Massachusetts,Dukes,4,0,0,0,0,0,0,0,0,0,0,0,0
vaccinium_angustifolium,FC_Seymour,1758,NA,GH,9,Sep,11,1917,9/11/1917,Massachusetts,Dukes,2,0,3,0,0,0,0,0,0,0,0,0,0
vaccinium_angustifolium,FC_Seymour,1758,NA,NEBC,9,Sep,11,1917,9/11/1917,Massachusetts,Dukes,1,0,1,0,0,0,0,0,0,1,0,0,0
desmodium_canadense,NA_getlater,1241,NA,Gray,9,Sep,12,1917,9/12/1917,Massachusetts,Dukes,2,3,0,0,3,0,0,0,0,0,0,0,0
desmodium_canadense,NA_getlater,1241,NA,NEBC,9,Sep,12,1917,9/12/1917,Massachusetts,Dukes,3,3,0,2,0,0,0,0,0,0,0,0,0
vaccinium_angustifolium,SD_McKelvey,NA,NA,AA,7,Jul,31,1925,7/31/1925,Massachusetts,Dukes,2,1,1,0,0,0,0,0,0,0,0,0,0
vaccinium_angustifolium,EJ_Palmer,45050,NA,AA,6,Jun,28,1940,6/28/1940,Massachusetts,Dukes,3,0,0,0,0,0,0,0,0,0,0,0,0
carya_ovata,NA_getlater,NA,NA,Arnold,5,May,24,1902,5/24/1902,Massachusetts,Essex,1,0,0,0,0,0,0,0,0,0,0,0,0
carya_ovata,NA_getlater,NA,NA,NEBC,5,May,31,1902,5/31/1902,Massachusetts,Essex,1,0,0,0,0,0,0,0,0,0,0,0,0
quercus_bicolor,NA_getlater,NA,NA,NEBC,5,May,23,1903,5/23/1903,Massachusetts,Essex,1,0,0,0,0,0,0,0,0,0,0,0,0
quercus_bicolor,NA_getlater,NA,NA,NEBC,6,Jun,6,1903,6/6/1903,Massachusetts,Essex,0,0,0,0,0,0,0,0,0,0,0,0,0
quercus_bicolor,NA_getlater,NA,NA,NA,9,Sep,19,1908,9/19/1908,Massachusetts,Essex,5,0,0,0,0,0,0,0,0,0,0,0,0
carya_ovata,NA_getlater,NA,NA,NEBC,6,Jun,14,1913,6/14/1913,Massachusetts,Essex,3,1,0,0,0,0,0,0,0,1,0,0,0
quercus_bicolor,NA_getlater,NA,NA,NEBC,7,Jul,15,1916,7/15/1916,Massachusetts,Essex,5,0,0,0,0,0,0,0,0,0,0,0,0
vaccinium_angustifolium,LA_Wheeler,109203,NA,NEBC,5,May,12,1922,5/12/1922,Massachusetts,Essex,0,0,0,0,0,0,0,0,0,0,0,0,0
quercus_bicolor,NA_getlater,3372,NA,Arnold,7,Jul,8,1924,7/8/1924,Massachusetts,Essex,0,0,0,0,0,0,0,0,0,0,0,0,0
carya_ovata,NA_getlater,NA,NA,NEBC,9,Sep,29,1932,9/29/1932,Massachusetts,Essex,4,1,0,0,0,0,0,0,0,2,0,0,0
desmodium_canadense,NA_getlater,NA,NA,NEBC,7,Jul,9,1933,7/9/1933,Massachusetts,Essex,2,0,0,0,0,0,0,0,0,0,0,0,0
quercus_bicolor,NA_getlater,NA,NA,NEBC,9,Sep,19,1935,9/19/1935,Massachusetts,Essex,1,2,0,0,0,0,0,0,0,0,0,0,0
quercus_bicolor,NA_getlater,NA,NA,Arnold,7,Jul,21,1942,7/21/1942,Massachusetts,Essex,1,0,0,0,0,0,0,0,0,0,0,0,0
quercus_bicolor,NA_getlater,NA,NA,Gray,9,Sep,27,1949,9/27/1949,Massachusetts,Essex,2,2,0,0,0,0,1,0,0,0,0,0,1
quercus_bicolor,NA_getlater,NA,NA,NEBC,9,Sep,23,1954,9/23/1954,Massachusetts,Essex,4,0,0,0,0,0,0,0,0,1,0,0,0
quercus_bicolor,NA_getlater,NA,NA,Gray,10,Oct,7,1884,10/7/1884,Massachusetts,Essex,5,1,0,0,0,0,0,0,0,0,0,0,0
quercus_bicolor,NA_getlater,NA,NA,Arnold,10,Oct,7,1884,10/7/1884,Massachusetts,Essex,2,1,0,0,0,0,0,0,0,1,0,0,0
quercus_bicolor,NA_getlater,NA,NA,Arnold,5,May,21,1886,5/21/1886,Massachusetts,Essex,0,0,0,0,0,0,0,0,0,0,0,0,0
desmodium_canadense,NA_getlater,2188,NA,NEBC,8,Aug,25,1902,8/25/1902,Massachusetts,Franklin,0,1,0,0,0,0,0,0,0,0,0,0,0
desmodium_canadense,NA_getlater,86,NA,Gray,8,Aug,19,1908,8/19/1908,Massachusetts,Franklin,2,1,0,0,0,0,0,0,0,0,0,0,0
carya_ovata,NA_getlater,NA,NA,NEBC,6,Jun,10,1911,6/10/1911,Massachusetts,Franklin,NA,NA,NA,NA,NA,NA,NA,NA,NA,NA,NA,NA,NA
carya_ovata,NA_getlater,NA,NA,NEBC,5,May,15,1915,5/15/1915,Massachusetts,Franklin,2,0,0,0,0,0,0,0,0,0,0,0,0
desmodium_canadense,NA_getlater,4786,NA,NEBC,8,Aug,26,1936,8/26/1936,Massachusetts,Franklin,4,0,0,0,0,0,0,0,0,0,0,0,0
carya_ovata,NA_getlater,1487,NA,Gray,8,Aug,26,1963,8/26/1963,Massachusetts,Franklin,1,1,0,0,1,0,0,0,0,0,0,0,0
carya_ovata,NA_getlater,1490,NA,Gray,8,Aug,29,1963,8/29/1963,Massachusetts,Franklin,2,0,0,0,0,0,0,0,0,0,0,0,0
carya_ovata,NA_getlater,NA,NA,NEBC,8,Aug,8,1970,8/8/1970,Massachusetts,Franklin,2,0,0,0,0,0,0,0,3,0,0,0,0
carya_ovata,NA_getlater,NA,NA,NEBC,9,Sep,21,1970,9/21/1970,Massachusetts,Franklin,4,0,0,0,0,0,0,0,0,4,0,0,0
carya_ovata,NA_getlater,NA,NA,NEBC,9,Sep,27,1970,9/27/1970,Massachusetts,Franklin,NA,NA,NA,NA,NA,NA,NA,NA,NA,NA,NA,NA,NA
desmodium_canadense,NA_getlater,NA,NA,NEBC,8,Aug,2,1898,8/2/1898,Massachusetts,Franklin,0,1,0,0,0,0,0,0,0,0,0,0,0
carya_ovata,NA_getlater,NA,NA,NEBC,5,May,17,1913,5/17/1913,Massachusetts,Hampden,0,0,0,0,0,0,0,0,0,0,0,0,0
carya_ovata,NA_getlater,NA,NA,NEBC,5,May,17,1913,5/17/1913,Massachusetts,Hampden,0,0,0,0,0,0,0,0,0,0,0,0,0
vaccinium_angustifolium,H_StJohn_D_White,94,NA,NEBC,5,May,17,1913,5/17/1913,Massachusetts,Hampden,0,0,0,0,0,0,0,0,0,0,0,0,0
vaccinium_angustifolium,CH_Knowlton_FW_Hunnewell,NA,NA,NEBC,5,May,17,1913,5/17/1913,Massachusetts,Hampden,4,0,0,0,0,0,0,0,0,0,0,0,0
carya_ovata,NA_getlater,NA,NA,NEBC,5,May,18,1913,5/18/1913,Massachusetts,Hampden,NA,NA,NA,NA,NA,NA,NA,NA,NA,NA,NA,NA,NA
quercus_bicolor,NA_getlater,NA,NA,NEBC,5,May,18,1913,5/18/1913,Massachusetts,Hampden,3,0,0,0,0,0,0,0,0,0,0,0,0
carya_ovata,NA_getlater,NA,NA,Gray,9,Sep,20,1913,9/20/1913,Massachusetts,Hampden,NA,NA,NA,NA,NA,NA,NA,NA,NA,NA,NA,NA,NA
quercus_bicolor,NA_getlater,NA,NA,NEBC,8,Aug,19,1914,8/19/1914,Massachusetts,Hampden,0,0,0,0,0,0,0,0,5,0,0,0,0
desmodium_canadense,NA_getlater,NA,NA,NEBC,9,Sep,23,1915,9/23/1915,Massachusetts,Hampden,1,0,2,0,0,0,0,0,0,0,0,0,0
vaccinium_angustifolium,CA_Weatherby,5199,NA,NEBC,7,Jul,23,1923,7/23/1923,Massachusetts,Hampden,2,1,0,0,0,0,0,0,0,0,0,0,0
desmodium_canadense,NA_getlater,486,NA,Gray,9,Sep,8,1925,9/8/1925,Massachusetts,Hampden,1,0,0,2,0,0,0,0,0,0,0,0,0
quercus_bicolor,NA_getlater,NA,NA,Gray_,9,Sep,24,1929,9/24/1929,Massachusetts,Hampden,4,0,2,1,0,0,0,0,2,0,0,0,0
desmodium_canadense,NA_getlater,40526,NA,NEBC,8,Aug,13,2008,8/13/2008,Massachusetts,Hampden,2,3,1,0,0,0,0,0,0,0,0,0,0
desmodium_canadense,NA_getlater,40526,NA,NEBC,8,Aug,13,2008,8/13/2008,Massachusetts,Hampden,1,2,0,0,0,0,0,0,0,0,0,0,0
vaccinium_angustifolium,Ch_Knowlton,NA,NA,NEBC,5,May,16,1922,5/16/1922,Massachusetts,Hampshire,0,0,0,0,0,0,0,0,0,0,0,0,0
vaccinium_angustifolium,AS_Goodale_SF_Potsubay_FR_StJohn,NA,NA,NEBC,7,Jul,7,1931,7/7/1931,Massachusetts,Hampshire,5,0,0,0,0,0,0,0,0,0,0,0,0
vaccinium_angustifolium,AS_Goodale_SF_Potsubay_FR_StJohn,NA,NA,NEBC,7,Jul,23,1931,7/23/1931,Massachusetts,Hampshire,2,3,0,0,0,0,0,0,0,0,0,0,0
carya_ovata,NA_getlater,NA,NA,Arnold,7,Jul,23,1932,7/23/1932,Massachusetts,Hampshire,1,0,0,0,0,0,0,0,3,0,0,0,0
carya_ovata,NA_getlater,NA,NA,Oak_Ames,5,May,12,1941,5/12/1941,Massachusetts,Hampshire,1,0,0,0,0,0,0,0,0,0,0,0,0
carya_ovata,NA_getlater,NA,NA,Gray,5,May,21,1942,5/21/1942,Massachusetts,Hampshire,2,0,0,0,0,0,0,0,0,0,0,0,0
carya_ovata,NA_getlater,NA,NA,Gray,8,Aug,2,1942,8/2/1942,Massachusetts,Hampshire,0,0,0,0,0,0,2,0,4,0,0,0,0
quercus_bicolor,NA_getlater,NA,NA,NEBC,9,Sep,2,1979,9/2/1979,Massachusetts,Hampshire,5,0,0,1,0,0,0,0,0,0,0,0,0
quercus_bicolor,NA_getlater,NA,NA,NEBC,9,Sep,7,1979,9/7/1979,Massachusetts,Hampshire,2,2,3,0,0,0,0,0,0,0,0,0,0
desmodium_canadense,NA_getlater,NA,NA,NEBC,9,Sep,7,1901,9/7/1901,Massachusetts,Middlesex,1,0,0,0,0,0,0,0,0,0,0,0,0
desmodium_canadense,NA_getlater,NA,NA,NEBC,8,Aug,7,1902,8/7/1902,Massachusetts,Middlesex,0,2,0,0,0,0,0,0,0,0,0,0,0
carya_ovata,NA_getlater,NA,NA,NEBC,5,May,22,1903,5/22/1903,Massachusetts,Middlesex,2,0,0,0,0,0,0,0,0,0,0,0,0
carya_ovata,NA_getlater,NA,NA,Gray,6,Jun,27,1903,6/27/1903,Massachusetts,Middlesex,0,0,0,0,0,0,0,0,0,0,0,0,0
desmodium_canadense,NA_getlater,NA,NA,Gray,8,Aug,2,1903,8/2/1903,Massachusetts,Middlesex,1,2,0,0,0,0,0,0,0,0,0,0,0
vaccinium_angustifolium,AH_Moore,2694,NA,AA,5,May,14,1905,5/14/1905,Massachusetts,Middlesex,0,0,0,0,0,0,0,0,0,0,0,0,0
desmodium_canadense,NA_getlater,NA,NA,NEBC,8,Aug,26,1906,8/26/1906,Massachusetts,Middlesex,1,0,0,0,0,0,0,0,0,0,0,0,0
desmodium_canadense,NA_getlater,11392,NA,NEBC,7,Jul,18,1908,7/18/1908,Massachusetts,Middlesex,3,3,0,0,0,0,0,0,0,0,0,0,0
quercus_bicolor,NA_getlater,NA,NA,NEBC,10,Oct,3,1909,10/3/1909,Massachusetts,Middlesex,3,0,2,1,0,0,0,0,0,0,0,0,0
vaccinium_angustifolium,FS_Collins,NA,NA,NEBC,5,May,15,1910,5/15/1910,Massachusetts,Middlesex,1,0,0,0,0,0,0,0,0,0,0,0,0
quercus_bicolor,NA_getlater,NA,NA,NEBC,9,Sep,28,1913,9/28/1913,Massachusetts,Middlesex,0,2,0,0,0,0,0,0,0,0,0,0,0
vaccinium_angustifolium,FW_Hunnewell,3383,NA,NEBC,5,May,9,1915,5/9/1915,Massachusetts,Middlesex,0,0,0,0,0,0,0,0,0,0,0,0,0
desmodium_canadense,NA_getlater,15836,NA,NEBC,8,Aug,29,1915,8/29/1915,Massachusetts,Middlesex,3,5,0,0,0,0,0,0,0,0,0,0,0
quercus_bicolor,NA_getlater,NA,NA,NEBC,9,Sep,22,1915,9/22/1915,Massachusetts,Middlesex,1,0,0,2,1,0,0,0,0,0,0,0,0
quercus_bicolor,NA_getlater,NA,NA,NEBC,10,Oct,12,1915,10/12/1915,Massachusetts,Middlesex,0,0,0,3,0,0,1,0,0,0,0,0,0
desmodium_canadense,NA_getlater,NA,NA,NEBC,8,Aug,29,1916,8/29/1916,Massachusetts,Middlesex,0,0,0,0,0,0,0,0,0,0,0,0,0
quercus_bicolor,NA_getlater,NA,NA,NEBC,6,Jun,11,1919,6/11/1919,Massachusetts,Middlesex,3,0,0,0,0,0,0,0,0,0,0,0,0
desmodium_canadense,NA_getlater,NA,NA,NEBC,8,Aug,1,1919,8/1/1919,Massachusetts,Middlesex,0,0,0,0,0,0,0,0,0,0,0,0,0
vaccinium_angustifolium,RJ_Eaton,NA,NA,NEBC,7,Jul,4,1920,7/4/1920,Massachusetts,Middlesex,2,2,0,0,0,0,0,0,0,0,0,0,0
quercus_bicolor,NA_getlater,NA,NA,NEBC,9,Sep,23,1920,9/23/1920,Massachusetts,Middlesex,2,0,3,1,0,0,1,0,0,0,0,0,0
carya_ovata,NA_getlater,NA,NA,NEBC,5,May,15,1922,5/15/1922,Massachusetts,Middlesex,0,0,0,0,0,0,0,0,0,0,0,0,0
desmodium_canadense,NA_getlater,8571,NA,Gray,7,Jul,7,1925,7/7/1925,Massachusetts,Middlesex,0,2,0,0,0,0,0,0,0,0,0,0,0
desmodium_canadense,NA_getlater,8586,NA,Gray,7,Jul,20,1930,7/20/1930,Massachusetts,Middlesex,3,2,0,0,0,0,0,0,0,0,0,0,0
vaccinium_angustifolium,DL_Ordway_C_Bullard,NA,NA,NEBC,9,Sep,5,1933,9/5/1933,Massachusetts,Middlesex,3,2,0,0,0,0,0,0,0,0,0,0,0
desmodium_canadense,NA_getlater,NA,NA,NEBC,7,Jul,11,1934,7/11/1934,Massachusetts,Middlesex,2,2,0,0,0,0,0,0,0,0,0,0,0
vaccinium_angustifolium,RJ_Eaton,NA,NA,NEBC,6,Jun,7,1935,6/7/1935,Massachusetts,Middlesex,3,0,0,0,0,0,0,0,0,0,0,0,0
carya_ovata,NA_getlater,NA,NA,NEBC,6,Jun,22,1935,6/22/1935,Massachusetts,Middlesex,NA,NA,NA,NA,NA,NA,NA,NA,NA,NA,NA,NA,NA
carya_ovata,NA_getlater,NA,NA,NEBC,9,Sep,29,1935,9/29/1935,Massachusetts,Middlesex,1,0,0,0,0,0,0,0,0,2,0,0,0
carya_ovata,NA_getlater,NA,NA,Gray,5,May,18,1936,5/18/1936,Massachusetts,Middlesex,0,0,0,0,0,0,0,0,0,0,0,0,0
vaccinium_angustifolium,LB_Smith,1171,NA,GH,5,May,6,1941,5/6/1941,Massachusetts,Middlesex,2,0,0,0,0,0,0,0,0,0,0,0,0
vaccinium_angustifolium,JA_Schafer,86,NA,NEBC,9,Sep,28,1941,9/28/1941,Massachusetts,Middlesex,0,4,0,0,0,0,0,0,0,0,0,0,0
desmodium_canadense,NA_getlater,NA,NA,Gray,8,Aug,16,1945,8/16/1945,Massachusetts,Middlesex,0,0,0,0,0,0,0,0,0,0,0,0,0
desmodium_canadense,NA_getlater,NA,NA,Gray,8,Aug,16,1945,8/16/1945,Massachusetts,Middlesex,3,2,1,0,0,0,0,0,0,0,0,0,0
vaccinium_angustifolium,RJ_Eaton,NA,NA,NEBC,5,May,25,1956,5/25/1956,Massachusetts,Middlesex,0,0,0,0,0,0,0,0,0,0,0,0,0
quercus_bicolor,NA_getlater,NA,NA,NEBC,6,Jun,2,1960,6/2/1960,Massachusetts,Middlesex,NA,NA,NA,NA,NA,NA,NA,NA,NA,NA,NA,NA,NA
desmodium_canadense,NA_getlater,6033,NA,NEBC,7,Jul,30,1967,7/30/1967,Massachusetts,Middlesex,2,1,0,0,0,0,0,0,0,0,0,0,0
carya_ovata,NA_getlater,NA,NA,NEBC,9,Sep,17,1970,9/17/1970,Massachusetts,Middlesex,0,0,0,0,0,0,0,0,0,0,0,0,0
carya_ovata,NA_getlater,NA,NA,NEBC,9,Sep,17,1970,9/17/1970,Massachusetts,Middlesex,0,0,0,0,0,0,0,0,5,0,0,0,0
carya_ovata,NA_getlater,NA,NA,NA,9,Sep,17,1970,9/17/1970,Massachusetts,Middlesex,1,0,1,0,0,0,0,0,3,2,0,0,0
vaccinium_angustifolium,EW_Wood,4689,NA,AA,5,May,8,1982,5/8/1982,Massachusetts,Middlesex,0,0,0,0,0,0,0,0,0,0,0,0,0
desmodium_canadense,NA_getlater,NA,NA,Gray,8,Aug,16,1987,8/16/1987,Massachusetts,Middlesex,5,5,0,4,0,0,0,0,0,0,0,0,0
desmodium_canadense,NA_getlater,3666,NA,Gray,10,Oct,6,2005,10/6/2005,Massachusetts,Middlesex,0,4,0,0,0,0,0,0,0,3,0,0,0
vaccinium_angustifolium,AR_Brach,2015-30,NA,AA,5,May,12,2015,5/12/2015,Massachusetts,Middlesex,1,0,0,0,0,0,0,0,0,0,0,0,0
quercus_bicolor,NA_getlater,NA,NA,NEBC,9,Sep,14,1884,9/14/1884,Massachusetts,Middlesex,3,2,0,0,0,0,0,0,0,4,0,0,0
quercus_bicolor,NA_getlater,NA,NA,NEBC,5,May,22,1886,5/22/1886,Massachusetts,Middlesex,3,0,0,0,0,0,0,0,0,0,0,0,0
carya_ovata,NA_getlater,NA,NA,NEBC,5,May,29,1887,5/29/1887,Massachusetts,Middlesex,0,0,0,0,0,0,0,0,0,0,0,0,0
carya_ovata,F,NA,NA,NEBC,5,May,30,1896,5/30/1896,Massachusetts,Middlesex,NA,NA,NA,NA,NA,NA,NA,NA,NA,NA,NA,NA,NA
desmodium_canadense,NA_getlater,NA,NA,NEBC,7,Jul,19,1896,7/19/1896,Massachusetts,Middlesex,2,2,0,0,0,0,0,0,0,0,0,0,0
desmodium_canadense,NA_getlater,NA,NA,NEBC,8,Aug,23,1896,8/23/1896,Massachusetts,Middlesex,2,4,0,1,0,0,0,0,0,0,0,0,0
desmodium_canadense,F,NA,NA,NEBC,8,Aug,21,1897,8/21/1897,Massachusetts,Middlesex,1,1,0,0,0,0,0,0,0,0,0,0,0
quercus_bicolor,NA_getlater,NA,NA,NEBC,9,Sep,5,1897,9/5/1897,Massachusetts,Middlesex,2,2,0,0,0,0,1,0,0,0,0,0,0
quercus_bicolor,NA_getlater,NA,NA,Gray,9,Sep,5,1897,9/5/1897,Massachusetts,Middlesex,1,0,0,0,0,0,0,0,0,0,0,0,1
quercus_bicolor,NA_getlater,NA,NA,NEBC,5,May,30,1898,5/30/1898,Massachusetts,Middlesex,2,0,0,0,0,0,0,0,0,0,0,0,0
quercus_bicolor,NA_getlater,NA,NA,Gray,5,May,14,1899,5/14/1899,Massachusetts,Middlesex,2,0,0,0,0,0,0,0,0,0,0,0,0
quercus_bicolor,NA_getlater,NA,NA,NEBC,5,May,14,1899,5/14/1899,Massachusetts,Middlesex,0,0,0,0,0,0,0,0,0,0,0,0,0
carya_ovata,NA_getlater,NA,NA,NEBC,5,May,23,1899,5/23/1899,Massachusetts,Middlesex,0,0,0,0,0,0,0,0,0,0,0,0,0
carya_ovata,NA_getlater,NA,NA,NEBC,5,May,28,1899,5/28/1899,Massachusetts,Middlesex,4,0,0,0,0,0,0,0,0,0,0,0,0
vaccinium_angustifolium,WPR,NA,NA,NEBC,5,May,14,1896,5/14/1896,Massachusetts,Middlesex,0,0,0,0,0,0,0,0,0,0,0,0,0
carya_ovata,NA_getlater,NA,NA,NEBC,6,Jun,NA,1884,NA,Massachusetts,Middlesex,0,0,0,0,0,0,0,0,0,0,0,0,0
carya_ovata,NA_getlater,NA,NA,NEBC,8,Aug,4,1906,8/4/1906,Massachusetts,Nantucket,3,0,0,0,0,0,0,0,0,0,0,0,0
carya_ovata,NA_getlater,NA,NA,NEBC,8,Aug,4,1906,8/4/1906,Massachusetts,Nantucket,NA,NA,NA,NA,NA,NA,NA,NA,NA,NA,NA,NA,NA
vaccinium_angustifolium,EP_Bicknell,6939,NA,NEBC,8,Aug,7,1906,8/7/1906,Massachusetts,Nantucket,5,1,0,0,0,0,0,0,0,0,0,0,0
quercus_bicolor,NA_getlater,NA,NA,NEBC,6,Jun,9,1908,6/9/1908,Massachusetts,Nantucket,1,0,0,0,0,0,0,0,0,0,0,0,0
vaccinium_angustifolium,EP_Bicknell,6873,NA,NEBC,6,Jun,9,1909,6/9/1909,Massachusetts,Nantucket,4,0,0,0,0,0,0,0,0,0,0,0,0
vaccinium_angustifolium,RC_Bean,NA,NA,NEBC,7,Jul,26,1943,7/26/1943,Massachusetts,Nantucket,3,0,0,0,0,0,0,0,0,0,0,0,0
vaccinium_angustifolium,EJ_Palmer,47758,NA,AA,7,Jul,18,1946,7/18/1946,Massachusetts,Nantucket,2,0,0,0,0,0,0,0,0,2,0,0,0
carya_ovata,NA_getlater,NA,NA,NEBC,5,May,15,1909,5/15/1909,Massachusetts,Norfolk,0,0,0,0,0,0,0,0,0,0,0,0,0
vaccinium_angustifolium,GG_Kennedy,NA,NA,NEBC,4,Apr,26,1910,4/26/1910,Massachusetts,Norfolk,1,0,0,0,0,0,0,0,0,0,0,0,0
quercus_bicolor,NA_getlater,NA,NA,NEBC,9,Sep,13,1911,9/13/1911,Massachusetts,Norfolk,1,0,0,0,0,0,0,0,0,0,0,0,0
carya_ovata,NA_getlater,NA,NA,NEBC,5,May,12,1913,5/12/1913,Massachusetts,Norfolk,0,0,0,0,0,0,0,0,0,0,0,0,0
quercus_bicolor,NA_getlater,NA,NA,NEBC,5,May,25,1915,5/25/1915,Massachusetts,Norfolk,2,0,0,0,0,0,0,0,0,0,0,0,0
quercus_bicolor,NA_getlater,NA,NA,NEBC,5,May,27,1920,5/27/1920,Massachusetts,Norfolk,4,0,0,0,0,0,0,0,0,0,0,0,0
vaccinium_angustifolium,FW_Hunnewell,9156,NA,NEBC,6,Jun,8,1924,6/8/1924,Massachusetts,Norfolk,0,0,0,0,0,0,0,0,0,0,0,0,0
vaccinium_angustifolium,CA_Cheever_DL_Ordway_SNF_Sanford,NA,NA,NEBC,5,May,17,1933,5/17/1933,Massachusetts,Norfolk,0,1,0,0,0,0,0,0,0,0,0,0,0
quercus_bicolor,NA_getlater,NA,NA,NEBC,6,Jun,5,1933,6/5/1933,Massachusetts,Norfolk,0,0,0,0,1,0,0,0,0,0,0,0,0
vaccinium_angustifolium,CA_Cheever_DL_Ordway_SNF_Sanford,NA,NA,NEBC,6,Jun,21,1933,6/21/1933,Massachusetts,Norfolk,2,0,0,0,0,0,0,0,0,0,0,0,0
desmodium_canadense,NA_getlater,NA,NA,NEBC,7,Jul,28,1937,7/28/1937,Massachusetts,Norfolk,1,1,0,0,0,0,0,0,0,0,0,0,0
quercus_bicolor,NA_getlater,NA,NA,NEBC,9,Sep,6,1937,9/6/1937,Massachusetts,Norfolk,0,0,0,0,1,0,0,0,0,0,0,0,0
quercus_bicolor,NA_getlater,NA,NA,NEBC,7,Jul,29,1955,7/29/1955,Massachusetts,Norfolk,5,0,0,0,0,0,0,0,0,0,0,0,0
carya_ovata,NA_getlater,1326,NA,Gray,9,Sep,20,1962,9/20/1962,Massachusetts,Norfolk,NA,NA,NA,NA,NA,NA,NA,NA,NA,NA,NA,NA,NA
carya_ovata,NA_getlater,1326,NA,Gray,9,Sep,20,1962,9/20/1962,Massachusetts,Norfolk,NA,NA,NA,NA,NA,NA,NA,NA,NA,NA,NA,NA,NA
carya_ovata,NA_getlater,1324,NA,Gray,10,Oct,10,1962,10/10/1962,Massachusetts,Norfolk,2,0,0,0,0,0,0,0,0,0,0,0,0
carya_ovata,NA_getlater,1318,NA,Gray,10,Oct,10,1962,10/10/1962,Massachusetts,Norfolk,NA,NA,NA,NA,NA,NA,NA,NA,NA,NA,NA,NA,NA
quercus_bicolor,NA_getlater,NA,NA,NEBC,8,Aug,14,1882,8/14/1882,Massachusetts,Norfolk,3,1,0,0,0,0,0,0,0,0,0,0,0
quercus_bicolor,NA_getlater,NA,NA,NEBC,7,Jul,4,1883,7/4/1883,Massachusetts,Norfolk,2,2,0,2,1,0,0,0,0,0,0,0,0
quercus_bicolor,NA_getlater,NA,NA,NEBC,5,May,25,1884,5/25/1884,Massachusetts,Norfolk,4,0,0,0,0,0,0,0,0,0,0,0,0
carya_ovata,NA_getlater,NA,NA,NEBC,8,Aug,8,1885,8/8/1885,Massachusetts,Norfolk,1,0,2,0,0,0,0,0,0,0,0,0,0
carya_ovata,NA_getlater,NA,NA,NEBC,5,May,30,1888,5/30/1888,Massachusetts,Norfolk,0,0,0,0,0,0,0,0,0,0,0,0,0
carya_ovata,NA_getlater,NA,NA,NEBC,5,May,30,1889,5/30/1889,Massachusetts,Norfolk,2,0,0,0,0,0,0,0,0,0,0,0,0
quercus_bicolor,NA_getlater,NA,NA,Gray,9,Sep,2,1889,9/2/1889,Massachusetts,Norfolk,2,0,1,0,0,0,0,0,0,0,0,0,0
quercus_bicolor,NA_getlater,NA,NA,NEBC,6,Jun,8,1891,6/8/1891,Massachusetts,Norfolk,0,0,0,0,0,0,0,0,0,0,0,0,0
quercus_bicolor,NA_getlater,NA,NA,NEBC,9,Sep,3,1894,9/3/1894,Massachusetts,Norfolk,3,1,0,0,0,0,0,0,0,0,0,0,0
quercus_bicolor,NA_getlater,NA,NA,Gray,6,Jun,12,1897,6/12/1897,Massachusetts,Norfolk,0,0,0,0,0,0,2,0,0,0,0,0,0
carya_ovata,NA_getlater,NA,NA,Gray,5,May,15,1898,5/15/1898,Massachusetts,Norfolk,0,0,0,0,0,0,0,0,0,0,0,0,0
vaccinium_angustifolium,EF_Williams,NA,NA,GH,7,Jul,12,1896,7/12/1896,Massachusetts,Norfolk,0,0,0,0,0,0,0,0,0,0,0,0,0
vaccinium_angustifolium,EF_Williams,NA,NA,GH,5,May,12,1895,5/12/1895,Massachusetts,Norfolk,2,0,0,0,0,0,0,0,0,0,0,0,0
quercus_bicolor,NA_getlater,NA,NA,NEBC,5,May,31,1902,5/31/1902,Massachusetts,Plymouth,5,0,0,0,0,0,0,0,0,0,0,0,0
vaccinium_angustifolium,SF_Blake,3780,NA,NEBC,6,Jun,22,1912,6/22/1912,Massachusetts,Plymouth,0,0,0,0,0,0,0,0,0,0,0,0,0
vaccinium_angustifolium,ML_Fernald_B_Long,10166,NA,NEBC,8,Aug,26,1913,8/26/1913,Massachusetts,Plymouth,0,2,0,0,0,0,0,0,0,0,0,0,0
vaccinium_angustifolium,SNF_Sanford,589,NA,NEBC,5,May,30,1914,5/30/1914,Massachusetts,Plymouth,0,0,0,0,0,0,0,0,0,0,0,0,0
quercus_bicolor,NA_getlater,NA,NA,NEBC,9,Sep,14,1924,9/14/1924,Massachusetts,Plymouth,1,0,3,2,0,0,0,0,0,0,0,0,0
quercus_bicolor,NA_getlater,NA,NA,NEBC,8,Aug,30,1941,8/30/1941,Massachusetts,Plymouth,1,0,0,0,0,0,1,0,0,0,0,0,0
quercus_bicolor,NA_getlater,NA,NA,NEBC,11,Nov,24,1967,11/24/1967,Massachusetts,Plymouth,2,1,0,0,0,0,2,0,0,0,0,0,0
desmodium_canadense,NA_getlater,NA,NA,NEBC,9,Sep,6,1897,9/6/1897,Massachusetts,Plymouth,2,0,0,0,0,0,0,0,0,0,0,0,0
desmodium_canadense,NA_getlater,NA,NA,NEBC,9,Sep,6,1897,9/6/1897,Massachusetts,Plymouth,1,1,0,0,0,0,0,0,0,0,0,0,0
desmodium_canadense,NA_getlater,NA,NA,Gray,7,Jul,22,1899,7/22/1899,Massachusetts,Plymouth,1,0,0,0,0,0,0,0,0,0,0,0,0
desmodium_canadense,NA_getlater,NA,NA,NEBC,9,Sep,1,1901,9/1/1901,Massachusetts,Suffolk,1,0,0,0,0,0,0,0,0,0,0,0,0
carya_ovata,NA_getlater,NA,NA,Gray,7,Jul,8,1907,7/8/1907,Massachusetts,Suffolk,1,0,0,0,0,0,0,0,0,0,0,0,0
carya_ovata,NA_getlater,NA,NA,NEBC,7,Jul,7,1911,7/7/1911,Massachusetts,Suffolk,5,0,0,0,0,0,0,0,0,0,0,0,0
carya_ovata,NA_getlater,NA,NA,Gray_,5,May,22,1912,5/22/1912,Massachusetts,Suffolk,2,0,0,0,0,0,0,0,0,0,0,0,0
quercus_bicolor,NA_getlater,NA,NA,NEBC,7,Jul,7,1919,7/7/1919,Massachusetts,Suffolk,5,0,0,0,0,0,0,0,0,0,0,0,0
vaccinium_angustifolium,EJ_Palmer,20184,NA,AA,6,Jun,17,1921,6/17/1921,Massachusetts,Suffolk,2,0,0,0,0,0,0,0,0,0,0,0,0
desmodium_canadense,NA_getlater,25995,NA,NEBC,8,Aug,29,1924,8/29/1924,Massachusetts,Suffolk,2,3,0,1,0,0,0,0,0,0,0,0,0
quercus_bicolor,NA_getlater,NA,NA,NEBC,5,May,22,1880,5/22/1880,Massachusetts,Suffolk,0,0,0,0,0,0,0,0,0,0,0,0,0
quercus_bicolor,NA_getlater,NA,NA,NEBC,6,Jun,11,1882,6/11/1882,Massachusetts,Suffolk,1,1,0,0,0,0,0,0,0,0,0,0,0
quercus_bicolor,NA_getlater,NA,NA,NEBC,7,Jul,23,1882,7/23/1882,Massachusetts,Suffolk,0,0,0,1,0,0,0,0,0,0,0,0,0
carya_ovata,NA_getlater,NA,NA,NEBC,9,Sep,17,1882,9/17/1882,Massachusetts,Suffolk,1,1,0,1,0,0,0,0,0,1,0,0,0
carya_ovata,NA_getlater,NA,NA,NEBC,10,Oct,1,1882,10/1/1882,Massachusetts,Suffolk,NA,NA,NA,NA,NA,NA,NA,NA,NA,NA,NA,NA,NA
quercus_bicolor,NA_getlater,NA,NA,NEBC,9,Sep,20,1885,9/20/1885,Massachusetts,Suffolk,0,0,0,0,0,0,2,0,0,0,0,0,0
carya_ovata,NA_getlater,NA,NA,NEBC,9,Sep,21,1887,9/21/1887,Massachusetts,Suffolk,NA,NA,NA,NA,NA,NA,NA,NA,NA,NA,NA,NA,NA
carya_ovata,NA_getlater,NA,NA,NEBC,6,Jun,16,1888,6/16/1888,Massachusetts,Suffolk,2,0,1,0,0,0,0,0,0,0,0,0,0
quercus_bicolor,NA_getlater,NA,NA,NEBC,6,Jun,17,1895,6/17/1895,Massachusetts,Suffolk,3,0,0,0,0,0,0,0,0,0,0,0,0
carya_ovata,NA_getlater,NA,NA,NEBC,5,May,20,1908,5/20/1908,Massachusetts,Worcester,0,0,0,0,0,0,0,0,0,0,0,0,0
desmodium_canadense,NA_getlater,NA,NA,NEBC,8,Aug,4,1910,8/4/1910,Massachusetts,Worcester,0,0,0,0,0,0,0,0,0,0,0,0,0
carya_ovata,NA_getlater,NA,NA,NEBC,5,May,4,1913,5/4/1913,Massachusetts,Worcester,0,0,0,0,0,0,0,0,0,0,0,0,0
carya_ovata,NA_getlater,14057,NA,NEBC,5,May,30,1914,5/30/1914,Massachusetts,Worcester,NA,NA,NA,NA,NA,NA,NA,NA,NA,NA,NA,NA,NA
vaccinium_angustifolium,EJ_Winslow_J_MurdochJr_H_StJohn,NA,NA,NEBC,5,May,31,1914,5/31/1914,Massachusetts,Worcester,0,0,0,0,0,0,0,0,0,0,0,0,0
carya_ovata,NA_getlater,16031,NA,NEBC,5,May,20,1916,5/20/1916,Massachusetts,Worcester,0,0,0,0,0,0,0,0,0,0,0,0,0
vaccinium_angustifolium,JG_Jack,NA,NA,AA,5,May,24,1923,5/24/1923,Massachusetts,Worcester,2,1,0,0,0,0,0,0,0,0,0,0,0
desmodium_canadense,NA_getlater,NA,NA,NEBC,8,Aug,2,1931,8/2/1931,Massachusetts,Worcester,0,0,0,0,0,0,0,0,0,0,0,0,0
carya_ovata,NA_getlater,NA,NA,NEBC,7,Jul,18,1934,7/18/1934,Massachusetts,Worcester,0,0,0,0,0,0,0,0,0,2,0,0,0
desmodium_canadense,F,NA,NA,NEBC,9,Sep,16,1934,9/16/1934,Massachusetts,Worcester,0,2,0,0,0,0,0,0,0,0,0,0,0
desmodium_canadense,NA_getlater,NA,NA,Gray,9,Sep,20,1934,9/20/1934,Massachusetts,Worcester,4,0,0,0,0,0,0,0,0,0,0,0,0
carya_ovata,NA_getlater,15000,NA,NEBC,5,May,16,1937,5/16/1937,Massachusetts,Worcester,0,0,0,0,0,0,0,0,0,0,0,0,0
quercus_bicolor,NA_getlater,NA,NA,NEBC,9,Sep,19,1943,9/19/1943,Massachusetts,Worcester,1,1,0,0,0,0,0,0,0,0,0,0,0
desmodium_canadense,F,NA,NA,NEBC,8,Aug,4,1944,8/4/1944,Massachusetts,Worcester,0,0,4,0,0,0,0,0,0,0,0,0,0
vaccinium_angustifolium,JT_Richardson_FC_Seymour,7300,NA,NEBC,8,Aug,3,1946,8/3/1946,Massachusetts,Worcester,4,5,0,0,0,0,0,0,0,0,0,0,0
carya_ovata,NA_getlater,NA,NA,NEBC,7,Jul,20,1947,7/20/1947,Massachusetts,Worcester,0,0,0,0,0,0,0,0,0,3,0,0,0
quercus_bicolor,NA_getlater,NA,NA,NEBC,11,Nov,5,1949,11/5/1949,Massachusetts,Worcester,3,2,0,0,0,0,0,0,0,0,0,0,0
desmodium_canadense,NA_getlater,25111,NA,NEBC,8,Aug,12,1950,8/12/1950,Massachusetts,Worcester,3,4,0,0,0,0,0,0,0,0,0,0,0
quercus_bicolor,NA_getlater,NA,NA,NEBC,8,Aug,19,1950,8/19/1950,Massachusetts,Worcester,0,1,2,0,0,0,0,0,4,0,0,0,0
carya_ovata,NA_getlater,NA,NA,NEBC,5,May,22,1953,5/22/1953,Massachusetts,Worcester,0,0,0,0,0,0,0,0,0,0,0,0,0
carya_ovata,NA_getlater,28927,NA,NEBC,5,May,23,1953,5/23/1953,Massachusetts,Worcester,2,0,0,0,0,0,0,0,0,0,0,0,0
quercus_bicolor,NA_getlater,NA,NA,NEBC,7,Jul,6,1954,7/6/1954,Massachusetts,Worcester,3,0,0,2,0,0,0,0,0,0,0,0,0
quercus_bicolor,NA_getlater,NA,NA,NEBC,9,Sep,25,1955,9/25/1955,Massachusetts,Worcester,0,1,0,0,0,0,0,0,0,0,0,0,0
vaccinium_angustifolium,FC_Seymour_RJ_Eaton,5515,NA,NEBC,9,Sep,21,1962,9/21/1962,Massachusetts,Worcester,3,0,0,0,0,0,0,0,0,0,0,0,0
vaccinium_angustifolium,RI_Bertin,2021,NA,NEBC,5,May,8,2002,5/8/2002,Massachusetts,Worcester,1,4,0,0,0,0,0,0,0,0,0,0,0
quercus_bicolor,NA_getlater,NA,NA,NEBC,7,Jul,14,2004,7/14/2004,Massachusetts,Worcester,2,1,0,0,0,0,1,0,0,0,0,0,0
quercus_bicolor,NA_getlater,NA,NA,NEBC,9,Sep,19,1886,9/19/1886,NA,NA,0,0,3,0,0,0,0,0,4,0,0,0,0
quercus_bicolor,NA_getlater,NA,NA,Gray,6,Jun,4,1876,6/4/1876,NA,NA,2,1,0,0,0,0,0,0,0,0,0,0,0
quercus_bicolor,NA_getlater,NA,NA,Gray,5,May,22,1872,5/22/1872,Rhode Island,NA,0,0,2,0,0,0,0,0,0,2,0,0,0
carya_ovata,NA_getlater,NA,NA,NEBC,7,Jul,5,1909,7/5/1909,New Hampshire,Addison,NA,NA,NA,NA,NA,NA,NA,NA,NA,NA,NA,NA,NA
carya_ovata,NA_getlater,NA,NA,NEBC,5,May,30,1920,5/30/1920,New Hampshire,Addison,0,0,0,0,0,0,0,0,0,0,0,0,0
desmodium_canadense,NA_getlater,NA,NA,NEBC,8,Aug,21,1933,8/21/1933,New Hampshire,Belknap,1,0,0,0,0,0,0,0,0,0,0,0,0
vaccinium_angustifolium,CO_Grimston,NA,NA,GH,8,Aug,3,1938,8/3/1938,New Hampshire,Belknap,3,2,0,0,0,0,0,0,0,0,0,0,0
vaccinium_angustifolium,AR_Hodgdon_R_Eggert_WW_Smith,4356,NA,NEBC,9,Sep,27,1942,9/27/1942,New Hampshire,Belknap,0,0,0,0,0,0,0,0,0,0,0,0,0
vaccinium_angustifolium,FLS,2510,NA,NEBC,7,Jul,8,1956,7/8/1956,New Hampshire,Belknap,0,0,0,0,0,0,0,0,0,2,0,0,0
carya_ovata,NA_getlater,NA,NA,NEBC,8,Aug,27,1956,8/27/1956,New Hampshire,Belknap,0,2,0,0,0,0,0,0,0,0,0,0,0
desmodium_canadense,NA_getlater,NA,NA,NEBC,7,Jul,11,1964,7/11/1964,New Hampshire,Belknap,3,3,0,0,0,0,0,0,0,0,0,0,0
vaccinium_angustifolium,LE_Richardson,NA,NA,NEBC,7,Jul,11,1964,7/11/1964,New Hampshire,Belknap,3,1,0,0,0,0,0,0,0,0,0,0,0
carya_ovata,NA_getlater,NA,NA,NEBC,8,Aug,12,1965,8/12/1965,New Hampshire,Belknap,0,0,0,0,0,0,0,0,0,4,0,0,0
carya_ovata,NA_getlater,NA,NA,NEBC,9,Sep,8,1965,9/8/1965,New Hampshire,Belknap,3,0,0,0,0,0,3,0,0,0,0,0,0
vaccinium_angustifolium,LE_Richardson,NA,NA,NEBC,5,May,24,1966,5/24/1966,New Hampshire,Belknap,0,0,0,0,0,0,0,0,0,0,0,0,0
vaccinium_angustifolium,A_Rehder,994,NA,AA,8,Aug,11,1922,8/11/1922,New Hampshire,Carroll,1,2,0,0,0,0,0,0,0,0,0,0,0
vaccinium_angustifolium,A_Rehder,NA,NA,AA,8,Aug,11,1922,8/11/1922,New Hampshire,Carroll,4,0,0,0,0,0,0,0,0,0,0,0,0
vaccinium_angustifolium,CH_Knowlton,NA,NA,NEBC,8,Aug,6,1927,8/6/1927,New Hampshire,Carroll,4,2,0,0,0,0,0,0,0,0,0,0,0
vaccinium_angustifolium,SK_Harris_A_LincolnJr_AS_Pease,NA,NA,NEBC,5,May,23,1936,5/23/1936,New Hampshire,Carroll,4,0,0,0,0,0,0,0,0,0,0,0,0
desmodium_canadense,NA_getlater,6858,NA,NEBC,9,Sep,2,1936,9/2/1936,New Hampshire,Carroll,1,2,1,0,0,0,0,0,0,0,1,0,0
vaccinium_angustifolium,CA_Weatherby,6862,NA,NEBC,9,Sep,2,1936,9/2/1936,New Hampshire,Carroll,4,3,1,0,0,0,0,0,0,0,0,0,0
desmodium_canadense,NA_getlater,28775,NA,NEBC,7,Jul,8,1941,7/8/1941,New Hampshire,Carroll,1,0,0,0,0,0,0,0,0,0,0,0,0
vaccinium_angustifolium,AS_Pease,28781,NA,NEBC,7,Jul,8,1941,7/8/1941,New Hampshire,Carroll,1,1,0,0,0,0,0,0,0,0,0,0,0
vaccinium_angustifolium,FLS,NA,NA,NEBC,6,Jun,17,1947,6/17/1947,New Hampshire,Carroll,3,0,0,0,0,0,0,0,0,0,0,0,0
desmodium_canadense,NA_getlater,28279,NA,NEBC,8,Aug,28,1948,8/28/1948,New Hampshire,Carroll,5,0,0,0,0,0,0,0,0,0,0,0,0
vaccinium_angustifolium,M_Gale,NA,NA,NEBC,9,Sep,10,1948,9/10/1948,New Hampshire,Carroll,1,0,0,0,0,0,0,0,0,0,0,0,0
vaccinium_angustifolium,M_Gale,NA,NA,NEBC,9,Sep,11,1948,9/11/1948,New Hampshire,Carroll,2,0,0,0,0,0,0,0,0,0,0,0,0
vaccinium_angustifolium,AR_Hodgdon_W_Glazier,6520,NA,NEBC,6,Jun,22,1950,6/22/1950,New Hampshire,Carroll,1,0,0,0,0,0,0,0,0,0,0,0,0
vaccinium_angustifolium,FC_Seymour,17865,NA,GH,7,Jul,9,1958,7/9/1958,New Hampshire,Carroll,3,3,0,0,0,0,0,0,0,0,0,0,0
vaccinium_angustifolium,FC_Seymour,17865,NA,NEBC,7,Jul,9,1958,7/9/1958,New Hampshire,Carroll,4,5,0,0,0,0,0,0,0,0,0,0,0
desmodium_canadense,F,NA,NA,Gray,7,Jul,28,1901,7/28/1901,New Hampshire,Cheshire,0,0,0,0,0,0,0,0,0,0,0,0,0
vaccinium_angustifolium,HF_Ayres,NA,NA,GH,7,Jul,29,1901,7/29/1901,New Hampshire,Cheshire,0,0,1,0,0,0,0,0,0,1,0,0,0
vaccinium_angustifolium,FF_Forbes,NA,NA,NEBC,5,May,30,1912,5/30/1912,New Hampshire,Cheshire,0,0,0,0,0,0,0,0,0,0,0,0,0
desmodium_canadense,NA_getlater,NA,NA,NEBC,8,Aug,21,1916,8/21/1916,New Hampshire,Cheshire,5,1,0,0,0,0,0,0,0,0,0,0,0
desmodium_canadense,NA_getlater,NA,NA,NEBC,8,Aug,28,1917,8/28/1917,New Hampshire,Cheshire,1,0,0,0,0,0,0,0,0,0,0,0,0
desmodium_canadense,NA_getlater,NA,NA,NEBC,8,Aug,3,1918,8/3/1918,New Hampshire,Cheshire,0,0,0,0,0,0,0,0,0,0,0,0,0
vaccinium_angustifolium,CF_Batchelder,NA,NA,NEBC,8,Aug,1,1919,8/1/1919,New Hampshire,Cheshire,2,5,0,0,0,0,0,0,0,0,0,0,0
carya_ovata,NA_getlater,NA,NA,NEBC,8,Aug,20,1921,8/20/1921,New Hampshire,Cheshire,0,0,2,0,1,0,0,0,0,3,0,0,0
desmodium_canadense,NA_getlater,NA,NA,NEBC,9,Sep,13,1926,9/13/1926,New Hampshire,Cheshire,5,0,0,0,0,0,0,0,0,0,0,0,0
vaccinium_angustifolium,CF_Batchelder,NA,NA,NEBC,8,Aug,12,1932,8/12/1932,New Hampshire,Cheshire,5,1,0,0,0,0,0,0,0,0,0,0,0
carya_ovata,NA_getlater,NA,NA,Gray,7,Jul,31,1943,7/31/1943,New Hampshire,Cheshire,NA,NA,NA,NA,NA,NA,NA,NA,NA,NA,NA,NA,NA
carya_ovata,NA_getlater,NA,NA,NEBC,7,Jul,22,1970,7/22/1970,New Hampshire,Cheshire,0,0,0,0,0,0,0,0,0,0,0,0,0
carya_ovata,NA_getlater,NA,NA,NEBC,7,Jul,22,1970,7/22/1970,New Hampshire,Cheshire,0,0,0,0,0,0,0,0,0,2,0,0,0
carya_ovata,NA_getlater,NA,NA,NEBC,8,Aug,11,1970,8/11/1970,New Hampshire,Cheshire,0,1,0,0,0,0,0,0,0,1,0,0,0
carya_ovata,NA_getlater,NA,NA,NEBC,8,Aug,29,1970,8/29/1970,New Hampshire,Cheshire,0,0,2,0,0,0,0,0,0,2,0,0,0
carya_ovata,NA_getlater,NA,NA,NEBC,9,Sep,3,1970,9/3/1970,New Hampshire,Cheshire,1,1,0,0,0,0,0,0,0,2,0,0,0
carya_ovata,NA_getlater,NA,NA,NEBC,10,Oct,13,1970,10/13/1970,New Hampshire,Cheshire,2,0,0,0,0,0,0,0,0,0,0,0,0
desmodium_canadense,NA_getlater,544,NA,Gray,8,Aug,1,1898,8/1/1898,New Hampshire,Cheshire,0,2,0,0,0,0,0,0,0,0,0,0,0
desmodium_canadense,NA_getlater,93,NA,NEBC,7,Jul,12,1899,7/12/1899,New Hampshire,Cheshire,0,0,0,0,0,0,0,0,0,0,0,0,0
vaccinium_angustifolium,BL_Robinson,585,NA,GH,7,Jul,24,1897,7/24/1897,New Hampshire,Cheshire,4,5,0,0,0,0,0,0,0,0,0,0,0
vaccinium_angustifolium,EF_Williams,NA,NA,GH,8,Aug,6,1901,8/6/1901,New Hampshire,Coos,0,0,0,0,0,0,0,0,0,0,0,0,0
vaccinium_angustifolium,W_Deane,NA,NA,NEBC,5,May,19,1904,5/19/1904,New Hampshire,Coos,0,0,0,0,0,0,0,0,0,0,0,0,0
vaccinium_angustifolium,AS_Pease,NA,NA,NEBC,6,Jun,28,1907,6/28/1907,New Hampshire,Coos,0,0,0,0,0,0,0,0,0,0,0,0,0
vaccinium_angustifolium,AS_Pease,12371,NA,NEBC,8,Aug,13,1909,8/13/1909,New Hampshire,Coos,3,1,0,0,0,0,0,0,0,0,0,0,0
vaccinium_angustifolium,AS_Pease,13961,NA,NEBC,8,Aug,20,1912,8/20/1912,New Hampshire,Coos,1,1,0,0,0,0,0,0,0,0,0,0,0
vaccinium_angustifolium,AS_Pease,16034,NA,NEBC,7,Jul,4,1914,7/4/1914,New Hampshire,Coos,1,0,0,0,0,0,0,0,0,0,0,0,0
desmodium_canadense,NA_getlater,NA,NA,NEBC,9,Sep,3,1915,9/3/1915,New Hampshire,Coos,0,0,4,0,0,0,0,0,0,0,0,0,0
vaccinium_angustifolium,AS_Pease,17071,NA,NEBC,9,Sep,5,1917,9/5/1917,New Hampshire,Coos,0,0,0,0,0,0,0,0,0,0,0,0,0
desmodium_canadense,NA_getlater,NA,NA,Gray,7,Jul,25,1918,7/25/1918,New Hampshire,Coos,0,0,0,0,0,0,0,0,0,0,0,0,0
vaccinium_angustifolium,AS_Pease,18482,NA,NEBC,7,Jul,19,1919,7/19/1919,New Hampshire,Coos,2,1,0,0,0,0,0,0,0,0,0,0,0
vaccinium_angustifolium,AS_Pease,17825,NA,GH,8,Aug,4,1920,8/4/1920,New Hampshire,Coos,3,0,0,0,0,0,0,0,0,0,0,0,0
vaccinium_angustifolium,W_Deane,NA,NA,NEBC,7,Jul,12,1926,7/12/1926,New Hampshire,Coos,1,0,0,0,0,0,0,0,0,0,0,0,0
vaccinium_angustifolium,AS_Pease,29502,NA,NEBC,6,Jun,16,1942,6/16/1942,New Hampshire,Coos,3,0,0,0,0,0,0,0,0,0,0,0,0
vaccinium_angustifolium,AS_Pease,29523,NA,NEBC,6,Jun,16,1942,6/16/1942,New Hampshire,Coos,1,0,0,0,0,0,0,0,0,0,0,0,0
desmodium_canadense,NA_getlater,29821,NA,NEBC,9,Sep,8,1942,9/8/1942,New Hampshire,Coos,NA,NA,NA,NA,NA,NA,NA,NA,NA,NA,NA,NA,NA
vaccinium_angustifolium,AS_Pease,30044,NA,NEBC,6,Jun,5,1943,6/5/1943,New Hampshire,Coos,0,0,0,0,0,0,0,0,0,0,0,0,0
vaccinium_angustifolium,ET_Harper_SA_Harper,NA,NA,AA,8,Aug,14,1895,8/14/1895,New Hampshire,Coos,2,0,0,0,0,0,0,0,0,0,0,0,0
vaccinium_angustifolium,EF_Williams,NA,NA,NEBC,8,Aug,6,1896,8/6/1896,New Hampshire,Coos,0,0,0,0,0,0,0,0,0,0,0,0,0
vaccinium_angustifolium,EF_Williams,NA,NA,NEBC,8,Aug,6,1896,8/6/1896,New Hampshire,Coos,0,0,0,0,0,0,0,0,0,0,0,0,0
vaccinium_angustifolium,EF_Williams,NA,NA,NEBC,7,Jul,8,1895,7/8/1895,New Hampshire,Coos,0,0,0,0,0,0,0,0,0,0,0,0,0
vaccinium_angustifolium,?,1171,NA,GH,6,Jun,24,1898,6/24/1898,New Hampshire,Coos,0,0,0,0,0,0,0,0,0,0,0,0,0
vaccinium_angustifolium,EF_Williams,NA,NA,GH,7,Jul,19,1907,7/19/1907,New Hampshire,Grafton,1,0,0,0,0,0,0,0,0,0,0,0,0
vaccinium_angustifolium,ML_Fernald,11845,NA,NEBC,7,Jul,30,1915,7/30/1915,New Hampshire,Grafton,2,0,0,0,0,0,0,0,0,0,0,0,0
desmodium_canadense,NA_getlater,19793,NA,NEBC,7,Jul,26,1926,7/26/1926,New Hampshire,Grafton,2,0,0,0,0,0,0,0,0,0,0,0,0
desmodium_canadense,NA_getlater,23107,NA,NEBC,8,Aug,26,1932,8/26/1932,New Hampshire,Grafton,1,0,0,0,0,0,0,0,0,0,0,0,0
desmodium_canadense,NA_getlater,NA,NA,NEBC,7,Jul,9,1938,7/9/1938,New Hampshire,Grafton,3,0,0,0,0,0,0,0,0,0,0,0,0
desmodium_canadense,NA_getlater,27352,NA,NEBC,7,Jul,29,1939,7/29/1939,New Hampshire,Grafton,1,0,0,0,0,0,0,0,0,0,0,0,0
vaccinium_angustifolium,AS_Pease,30075,NA,NEBC,6,Jun,2,1943,6/2/1943,New Hampshire,Grafton,0,0,0,0,0,0,0,0,0,0,0,0,0
vaccinium_angustifolium,AR_Hodgdon,5352,NA,NEBC,6,Jun,23,1945,6/23/1945,New Hampshire,Grafton,2,1,0,0,0,0,0,0,0,0,0,0,0
vaccinium_angustifolium,FLS,2509,NA,NEBC,8,Aug,28,1956,8/28/1956,New Hampshire,Grafton,0,0,0,0,0,0,0,0,0,0,0,0,0
vaccinium_angustifolium,E_Faxon_CE_Faxon,NA,NA,GH,7,Jul,11,1897,7/11/1897,New Hampshire,Grafton,2,1,0,0,0,0,0,0,0,0,0,0,0
carya_ovata,NA_getlater,NA,NA,NEBC,9,Sep,17,1972,9/17/1972,New Hampshire,Grand Isle,NA,NA,NA,NA,NA,NA,NA,NA,NA,NA,NA,NA,NA
desmodium_canadense,NA_getlater,NA,NA,NEBC,7,Jul,31,1911,7/31/1911,New Hampshire,Hillsborough,2,0,0,0,0,0,0,0,0,0,0,0,0
vaccinium_angustifolium,JW_Anderson,NA,NA,NEBC,8,Aug,30,1913,8/30/1913,New Hampshire,Hillsborough,1,1,0,0,0,0,0,0,0,0,0,0,0
carya_ovata,NA_getlater,NA,NA,Arnold,7,Jul,9,1916,7/9/1916,New Hampshire,Hillsborough,1,0,0,0,0,0,1,0,0,1,0,0,0
vaccinium_angustifolium,CF_Batchelder,NA,NA,NEBC,6,Jun,4,1917,6/4/1917,New Hampshire,Hillsborough,0,0,0,0,0,0,0,0,0,0,0,0,0
desmodium_canadense,NA_getlater,NA,NA,NEBC,8,Aug,4,1917,8/4/1917,New Hampshire,Hillsborough,1,1,1,0,0,0,0,0,0,0,0,0,0
desmodium_canadense,NA_getlater,NA,NA,NEBC,9,Sep,12,1917,9/12/1917,New Hampshire,Hillsborough,1,3,0,0,0,0,0,0,0,0,0,0,0
carya_ovata,NA_getlater,NA,NA,NEBC,9,Sep,13,1919,9/13/1919,New Hampshire,Hillsborough,1,0,0,0,0,0,0,0,0,5,0,0,0
carya_ovata,NA_getlater,NA,NA,Arnold,9,Sep,15,1919,9/15/1919,New Hampshire,Hillsborough,0,0,0,0,0,0,0,0,0,4,0,0,0
vaccinium_angustifolium,CF_Batchelder,NA,NA,NEBC,5,May,26,1920,5/26/1920,New Hampshire,Hillsborough,0,2,0,0,0,0,0,0,0,0,0,0,0
desmodium_canadense,NA_getlater,NA,NA,NEBC,7,Jul,28,1920,7/28/1920,New Hampshire,Hillsborough,3,0,0,0,0,0,0,0,0,0,0,0,0
carya_ovata,NA_getlater,NA,NA,Arnold,8,Aug,1,1924,8/1/1924,New Hampshire,Hillsborough,0,0,0,0,0,0,0,0,0,2,0,0,0
vaccinium_angustifolium,CF_Batchelder,NA,NA,NEBC,5,May,29,1931,5/29/1931,New Hampshire,Hillsborough,0,0,0,0,0,0,0,0,0,0,0,0,0
quercus_bicolor,NA_getlater,NA,NA,NEBC,8,Aug,11,1931,8/11/1931,New Hampshire,Hillsborough,1,1,3,0,0,0,0,0,0,0,0,0,0
quercus_bicolor,NA_getlater,NA,NA,NEBC,8,Aug,21,1931,8/21/1931,New Hampshire,Hillsborough,1,0,0,0,0,0,0,0,0,0,0,0,0
vaccinium_angustifolium,AR_Hodgdon_H_Clopp_D_White,7826,NA,NEBC,6,Jun,12,1954,6/12/1954,New Hampshire,Hillsborough,0,0,0,0,0,0,0,0,0,0,0,0,0
quercus_bicolor,NA_getlater,NA,NA,NEBC,7,Jul,26,1962,7/26/1962,New Hampshire,Hillsborough,1,0,0,0,0,0,0,0,0,3,0,0,0
carya_ovata,NA_getlater,NA,NA,NEBC,10,Oct,2,1962,10/2/1962,New Hampshire,Hillsborough,0,0,0,0,0,0,0,0,0,5,0,0,0
carya_ovata,NA_getlater,NA,NA,NEBC,10,Oct,8,1965,10/8/1965,New Hampshire,Hillsborough,0,0,0,0,0,0,0,0,0,1,0,0,0
carya_ovata,NA_getlater,NA,NA,NEBC,9,Sep,15,1968,9/15/1968,New Hampshire,Hillsborough,0,0,0,0,0,0,2,0,0,3,0,0,0
carya_ovata,NA_getlater,NA,NA,NEBC,7,Jul,21,1970,7/21/1970,New Hampshire,Hillsborough,0,0,1,0,0,0,3,0,0,4,0,0,0
quercus_bicolor,NA_getlater,NA,NA,NEBC,8,Aug,17,1896,8/17/1896,New Hampshire,Hillsborough,3,0,0,0,0,0,0,0,0,0,0,0,0
vaccinium_angustifolium,CF_Batchelder,NA,NA,NEBC,5,May,8,1921,5/8/1921,New Hampshire,Merrimack,3,0,0,0,0,0,0,0,0,0,0,0,0
desmodium_canadense,NA_getlater,NA,NA,NEBC,7,Jul,16,1921,7/16/1921,New Hampshire,Merrimack,3,2,0,0,0,0,0,0,0,0,0,0,0
vaccinium_angustifolium,CF_Batchelder,NA,NA,NEBC,8,Aug,2,1925,8/2/1925,New Hampshire,Merrimack,3,0,0,0,0,0,0,0,0,0,0,0,0
vaccinium_angustifolium,C_Bullard,NA,NA,NEBC,7,Jul,15,1933,7/15/1933,New Hampshire,Merrimack,0,2,0,0,0,0,0,0,0,0,0,0,0
desmodium_canadense,NA_getlater,NA,NA,NEBC,8,Aug,24,1933,8/24/1933,New Hampshire,Merrimack,2,1,0,0,0,0,0,0,0,0,0,0,0
vaccinium_angustifolium,GM_Bryant,NA,NA,NEBC,8,Aug,24,1933,8/24/1933,New Hampshire,Merrimack,3,0,1,0,0,0,0,0,0,0,0,0,0
vaccinium_angustifolium,AR_Hodgdon_F_Steele,9967,NA,NEBC,7,Jul,31,1957,7/31/1957,New Hampshire,Merrimack,1,1,0,0,0,0,0,0,0,0,0,0,0
desmodium_canadense,NA_getlater,NA,NA,Gray,9,Sep,14,1899,9/14/1899,New Hampshire,Merrimack,0,1,1,0,0,0,0,0,0,0,0,1,0
quercus_bicolor,NA_getlater,NA,NA,Gray,9,Sep,22,1901,9/22/1901,New Hampshire,Rockingham,1,1,0,0,0,0,1,0,0,2,0,0,0
desmodium_canadense,F,NA,NA,Gray,8,Aug,31,1902,8/31/1902,New Hampshire,Rockingham,0,0,0,0,0,0,0,0,0,0,0,0,0
desmodium_canadense,NA_getlater,NA,NA,NEBC,7,Jul,28,1913,7/28/1913,New Hampshire,Rockingham,0,3,1,0,0,0,0,0,0,0,0,0,0
carya_ovata,NA_getlater,NA,NA,NEBC,5,May,28,1915,5/28/1915,New Hampshire,Rockingham,2,0,0,0,0,0,0,0,0,0,0,0,0
carya_ovata,NA_getlater,NA,NA,NEBC,9,Sep,16,1926,9/16/1926,New Hampshire,Rockingham,0,0,0,0,0,0,0,0,0,5,0,0,0
vaccinium_angustifolium,CF_Batchelder,NA,NA,NEBC,5,May,24,1927,5/24/1927,New Hampshire,Rockingham,0,0,0,0,0,0,0,0,0,0,0,0,0
carya_ovata,NA_getlater,NA,NA,NEBC,9,Sep,21,1927,9/21/1927,New Hampshire,Rockingham,0,0,0,0,0,0,0,0,0,1,0,0,0
quercus_bicolor,NA_getlater,NA,NA,NEBC,6,Jun,8,1946,6/8/1946,New Hampshire,Rockingham,3,0,0,0,0,0,0,0,0,0,0,0,0
carya_ovata,NA_getlater,NA,NA,NEBC,5,May,21,1949,5/21/1949,New Hampshire,Rockingham,3,0,0,0,0,0,0,0,0,0,0,0,0
quercus_bicolor,NA_getlater,NA,NA,NEBC,9,Sep,11,1949,9/11/1949,New Hampshire,Rockingham,5,2,0,2,0,0,2,0,0,0,0,0,0
carya_ovata,NA_getlater,NA,NA,NEBC,5,May,24,1959,5/24/1959,New Hampshire,Rockingham,0,0,0,0,0,0,0,0,0,0,0,0,0
vaccinium_angustifolium,SK_Harris,19134,NA,NEBC,5,May,24,1959,5/24/1959,New Hampshire,Rockingham,0,0,0,0,0,0,0,0,0,0,0,0,0
carya_ovata,NA_getlater,NA,NA,NEBC,6,Jun,4,1959,6/4/1959,New Hampshire,Rockingham,0,0,0,0,0,0,0,0,0,1,0,0,0
desmodium_canadense,NA_getlater,20798,NA,NEBC,9,Sep,19,1959,9/19/1959,New Hampshire,Rockingham,2,2,0,0,0,0,0,0,0,0,0,0,0
quercus_bicolor,NA_getlater,NA,NA,NEBC,9,Sep,19,1959,9/19/1959,New Hampshire,Rockingham,1,0,0,1,0,0,0,0,0,0,0,0,0
vaccinium_angustifolium,RA_Howard,16482,NA,NEBC,7,Jul,5,1967,7/5/1967,New Hampshire,Rockingham,1,1,0,0,0,0,0,0,0,0,0,0,0
vaccinium_angustifolium,EC_Ogden_F_Hyland_AC_Gosse,NA,NA,NEBC,5,May,23,1936,5/23/1936,New Hampshire,Strafford,0,0,0,0,0,0,0,0,0,0,0,0,0
vaccinium_angustifolium,AR_Hodgdon,2752,NA,NEBC,6,Jun,12,1937,6/12/1937,New Hampshire,Strafford,2,0,0,0,0,0,0,0,0,0,0,0,0
vaccinium_angustifolium,AR_Hodgdon,3257,NA,NEBC,6,Jun,10,1939,6/10/1939,New Hampshire,Strafford,5,5,0,0,0,0,0,0,0,0,0,0,0
carya_ovata,NA_getlater,3150,NA,NEBC,9,Sep,18,1939,9/18/1939,New Hampshire,Strafford,3,0,0,0,0,0,0,0,0,4,0,0,0
vaccinium_angustifolium,AR_Hodgdon_R_Rhodes,12552,NA,NEBC,6,Jun,15,1942,6/15/1942,New Hampshire,Strafford,3,3,0,0,0,0,0,0,0,0,0,0,0
vaccinium_angustifolium,AR_Hodgdon,4130,NA,NEBC,7,Jul,5,1942,7/5/1942,New Hampshire,Strafford,1,0,0,0,0,0,0,0,0,0,0,0,0
vaccinium_angustifolium,AR_Hodgdon,5360,NA,NEBC,6,Jun,11,1945,6/11/1945,New Hampshire,Strafford,1,1,0,0,0,0,0,0,0,0,0,0,0
vaccinium_angustifolium,AR_Hodgdon_G_Stewart,5410,NA,NEBC,7,Jul,21,1947,7/21/1947,New Hampshire,Strafford,2,0,0,0,0,0,0,0,0,2,0,0,0
vaccinium_angustifolium,W_Schloth,NA,NA,NEBC,5,May,27,1950,5/27/1950,New Hampshire,Strafford,0,0,0,0,0,0,0,0,0,0,0,0,0
carya_ovata,NA_getlater,NA,NA,NEBC,9,Sep,9,1953,9/9/1953,New Hampshire,Strafford,2,0,1,0,0,0,0,0,0,3,0,0,0
carya_ovata,NA_getlater,15822,NA,NEBC,7,Jul,24,1967,7/24/1967,New Hampshire,Strafford,2,0,0,0,0,0,0,0,0,3,0,0,0
vaccinium_angustifolium,AR_Hodgdon_F_Steele,9966,NA,NEBC,7,Jul,21,1957,7/21/1957,New Hampshire,Sullivan,2,2,0,0,0,0,0,0,0,0,0,0,0
desmodium_canadense,NA_getlater,NA,NA,NEBC,8,Aug,2,1962,8/2/1962,New Hampshire,Sullivan,1,0,0,0,0,0,0,0,0,0,0,0,0
quercus_bicolor,NA_getlater,NA,NA,NEBC,5,May,30,1911,5/30/1911,Rhode Island,Bristol,0,0,0,0,0,0,0,0,0,0,0,0,0
quercus_bicolor,NA_getlater,NA,NA,NEBC,6,Jun,5,1921,6/5/1921,Rhode Island,Bristol,1,0,0,0,0,0,0,0,0,0,0,0,0
desmodium_canadense,NA_getlater,NA,NA,NEBC,8,Aug,24,1921,8/24/1921,Rhode Island,Kent,2,5,0,0,0,0,0,0,0,0,0,0,0
quercus_bicolor,NA_getlater,NA,NA,NEBC,5,May,28,1939,5/28/1939,Rhode Island,Kent,1,0,0,0,0,0,0,0,0,0,0,0,0
vaccinium_angustifolium,LJ_Mehrhoff,16530,NA,NEBC,5,May,11,1993,5/11/1993,Rhode Island,Kent,0,0,0,0,0,0,0,0,0,0,0,0,0
quercus_bicolor,NA_getlater,NA,NA,NEBC,8,Aug,28,1925,8/28/1925,Rhode Island,Newport,0,1,1,0,0,0,0,0,0,2,0,0,0
vaccinium_angustifolium,EBG,79,NA,NEBC,5,May,21,1900,5/21/1900,Rhode Island,Providence,1,0,0,0,0,0,0,0,0,0,0,0,0
vaccinium_angustifolium,JF_Collins,NA,NA,GH,5,May,8,1903,5/8/1903,Rhode Island,Providence,0,0,0,0,0,0,0,0,0,0,0,0,0
quercus_bicolor,NA_getlater,NA,NA,NEBC,5,May,14,1910,5/14/1910,Rhode Island,Providence,3,0,0,0,0,0,0,0,0,0,0,0,0
quercus_bicolor,NA_getlater,NA,NA,NEBC,5,May,30,1911,5/30/1911,Rhode Island,Providence,3,0,0,3,0,0,0,0,0,0,0,0,0
quercus_bicolor,NA_getlater,NA,NA,NEBC,5,May,30,1911,5/30/1911,Rhode Island,Providence,1,0,0,0,0,0,0,0,0,0,0,0,0
vaccinium_angustifolium,TH,NA,NA,NEBC,5,May,14,1916,5/14/1916,Rhode Island,Providence,0,0,0,0,0,0,0,0,0,0,0,0,0
carya_ovata,NA_getlater,NA,NA,NEBC,5,May,21,1916,5/21/1916,Rhode Island,Providence,1,0,0,0,0,0,0,0,0,0,0,0,0
desmodium_canadense,NA_getlater,NA,NA,Gray,7,Jul,31,1920,7/31/1920,Rhode Island,Providence,1,0,0,0,0,0,0,0,0,0,0,0,0
desmodium_canadense,NA_getlater,NA,NA,NEBC,7,Jul,31,1920,7/31/1920,Rhode Island,Providence,2,0,0,0,0,0,0,0,0,0,0,0,0
vaccinium_angustifolium,JF_Collins,NA,NA,GH,9,Sep,5,1925,9/5/1925,Rhode Island,Providence,3,2,0,0,0,0,0,0,0,0,0,0,0
vaccinium_angustifolium,EJ_Palmer,44349,NA,AA,6,Jun,12,1938,6/12/1938,Rhode Island,Providence,1,0,0,0,0,0,0,0,0,0,0,0,0
quercus_bicolor,NA_getlater,NA,NA,Arnold,9,Sep,3,1939,9/3/1939,Rhode Island,Providence,4,1,0,1,0,0,0,0,0,1,0,0,0
vaccinium_angustifolium,EJ_Palmer,45034,NA,AA,9,Sep,24,1939,9/24/1939,Rhode Island,Providence,2,3,0,0,0,0,0,0,0,0,0,0,0
quercus_bicolor,NA_getlater,NA,NA,Arnold,5,May,31,1941,5/31/1941,Rhode Island,Providence,3,0,1,1,0,0,0,0,0,1,0,0,0
vaccinium_angustifolium,EJ_Palmer,45490,NA,AA,8,Aug,10,1941,8/10/1941,Rhode Island,Providence,1,0,0,0,0,0,0,0,0,0,0,0,0
vaccinium_angustifolium,EJ_Palmer,45467,NA,AA,8,Aug,11,1941,8/11/1941,Rhode Island,Providence,4,3,0,0,0,0,0,0,0,0,0,0,0
desmodium_canadense,NA_getlater,NA,NA,NEBC,8,Aug,31,1941,8/31/1941,Rhode Island,Providence,5,0,0,0,0,0,0,0,0,0,0,0,0
quercus_bicolor,NA_getlater,NA,NA,NEBC,6,Jun,14,1942,6/14/1942,Rhode Island,Providence,2,0,0,0,0,0,0,0,0,0,0,0,0
quercus_bicolor,NA_getlater,NA,NA,Arnold,6,Jun,14,1942,6/14/1942,Rhode Island,Providence,3,0,3,0,0,0,0,0,0,0,0,0,0
quercus_bicolor,NA_getlater,NA,NA,Gray,5,May,25,1865,5/25/1865,Rhode Island,Providence,0,0,0,0,0,0,0,0,0,0,0,0,0
carya_ovata,NA_getlater,NA,NA,NEBC,9,Sep,26,1886,9/26/1886,Rhode Island,Providence,3,0,2,0,0,0,0,0,0,4,0,0,0
quercus_bicolor,NA_getlater,NA,NA,NEBC,10,Oct,3,1899,10/3/1899,Rhode Island,Providence,1,1,1,1,0,0,1,0,2,0,0,0,0
quercus_bicolor,NA_getlater,NA,NA,NEBC,10,Oct,7,1899,10/7/1899,Rhode Island,Providence,0,0,0,3,0,0,0,0,4,2,0,0,0
carya_ovata,NA_getlater,NA,NA,Gray,5,May,29,1872,5/29/1872,Rhode Island,R Island,NA,NA,NA,NA,NA,NA,NA,NA,NA,NA,NA,NA,NA
carya_ovata,NA_getlater,NA,NA,Gray,6,Jun,17,1908,6/17/1908,Rhode Island,Washington,3,1,0,0,0,0,1,0,0,0,0,0,0
carya_ovata,NA_getlater,NA,NA,Gray,6,Jun,17,1908,6/17/1908,Rhode Island,Washington,3,4,0,0,0,0,0,0,0,0,0,0,0
quercus_bicolor,F,NA,NA,NEBC,6,Jun,17,1908,6/17/1908,Rhode Island,Washington,0,0,0,0,0,0,0,0,0,0,0,0,0
quercus_bicolor,NA_getlater,NA,NA,Arnold,6,Jun,17,1908,6/17/1908,Rhode Island,Washington,4,0,0,0,0,0,0,0,0,2,0,0,0
desmodium_canadense,NA_getlater,NA,NA,NEBC,7,Jul,31,1909,7/31/1909,Rhode Island,Washington,2,0,0,0,0,0,0,0,0,0,0,0,0
quercus_bicolor,NA_getlater,NA,NA,NEBC,8,Aug,30,1919,8/30/1919,Rhode Island,Washington,0,2,1,0,0,0,0,0,0,1,0,0,0
quercus_bicolor,NA_getlater,NA,NA,Gray,5,May,27,1908,5/27/1908,Vermont,Addison,0,0,0,0,0,0,0,0,0,0,0,0,0
vaccinium_angustifolium,CH_Knowlton,NA,NA,NEBC,5,May,14,1933,5/14/1933,Vermont,Addison,0,0,0,0,0,0,0,0,0,0,0,0,0
quercus_bicolor,NA_getlater,NA,NA,NEBC,9,Sep,13,1882,9/13/1882,Vermont,Addison,1,1,0,0,0,0,0,0,0,0,0,0,0
carya_ovata,NA_getlater,NA,NA,NEBC,7,Jul,8,1970,7/8/1970,Vermont,Bennington,NA,NA,NA,NA,NA,NA,NA,NA,NA,NA,NA,NA,NA
carya_ovata,NA_getlater,NA,NA,NEBC,10,Oct,6,1970,10/6/1970,Vermont,Bennington,4,0,0,0,0,0,0,0,0,2,0,0,0
carya_ovata,NA_getlater,NA,NA,NEBC,10,Oct,6,1970,10/6/1970,Vermont,Bennington,NA,NA,NA,NA,NA,NA,NA,NA,NA,NA,NA,NA,NA
carya_ovata,NA_getlater,NA,NA,NEBC,8,Aug,25,1971,8/25/1971,Vermont,Bennington,0,0,0,3,0,0,0,0,0,3,0,0,0
desmodium_canadense,NA_getlater,2202,NA,Arnold,8,Aug,11,1975,8/11/1975,Vermont,Bennington,2,1,0,0,0,0,0,0,0,0,0,0,0
quercus_bicolor,NA_getlater,NA,NA,NEBC_,7,Jul,9,1995,7/9/1995,Vermont,Bennington,5,0,2,1,0,1,0,0,0,0,0,0,0
vaccinium_angustifolium,MA_Day,275,NA,GH,7,Jul,14,1898,7/14/1898,Vermont,Bennington,1,0,0,0,0,0,0,0,0,0,0,0,0
vaccinium_angustifolium,MA_Day,275,NA,NEBC,7,Jul,14,1898,7/14/1898,Vermont,Bennington,3,0,0,0,0,0,0,0,0,0,0,0,0
desmodium_canadense,NA_getlater,NA,NA,NEBC,9,Sep,3,1940,9/3/1940,Vermont,Caledonia,1,0,0,0,0,0,0,0,0,0,0,0,0
vaccinium_angustifolium,FC_Seymour,18794,NA,NEBC,7,Jul,16,1960,7/16/1960,Vermont,Caledonia,4,1,0,0,0,0,0,0,0,0,0,0,0
vaccinium_angustifolium,FC_Seymour,18917,NA,NEBC,7,Jul,21,1960,7/21/1960,Vermont,Caledonia,1,0,0,0,0,0,0,0,0,0,0,0,0
quercus_bicolor,NA_getlater,NA,NA,NEBC,7,Jul,27,1911,7/27/1911,Vermont,Chittenden,NA,NA,NA,NA,NA,NA,NA,NA,NA,NA,NA,NA,NA
vaccinium_angustifolium,WH_Blanchard,NA,NA,AA,8,Aug,24,1911,8/24/1911,Vermont,Chittenden,0,0,0,0,0,0,0,0,0,0,0,0,0
carya_ovata,NA_getlater,NA,NA,NEBC,6,Jun,25,1912,6/25/1912,Vermont,Chittenden,0,0,0,0,0,0,0,0,0,0,0,0,0
carya_ovata,NA_getlater,NA,NA,NEBC,6,Jun,25,1913,6/25/1913,Vermont,Chittenden,0,0,4,0,0,0,0,0,0,2,0,0,0
vaccinium_angustifolium,CH_Knowlton,NA,NA,NEBC,5,May,30,1922,5/30/1922,Vermont,Chittenden,1,0,0,0,0,0,0,0,0,0,0,0,0
desmodium_canadense,NA_getlater,NA,NA,NEBC,8,Aug,14,1922,8/14/1922,Vermont,Chittenden,1,0,0,0,0,0,0,0,0,0,0,0,0
desmodium_canadense,NA_getlater,NA,NA,NEBC,7,Jul,25,1927,7/25/1927,Vermont,Chittenden,1,0,0,0,0,0,0,0,0,3,0,0,0
carya_ovata,NA_getlater,NA,NA,NEBC,7,Jul,16,1931,7/16/1931,Vermont,Chittenden,0,0,1,0,0,0,0,0,0,0,0,0,0
carya_ovata,NA_getlater,NA,NA,NEBC,6,Jun,14,1971,6/14/1971,Vermont,Chittenden,0,0,0,0,0,0,0,0,0,0,0,0,0
carya_ovata,NA_getlater,NA,NA,Arnold,6,Jun,3,1879,6/3/1879,Vermont,Chittenden,1,0,0,0,0,0,0,0,0,0,0,0,0
vaccinium_angustifolium,AS_Pease,32565,NA,NEBC,5,May,31,1947,5/31/1947,Vermont,Essex,0,0,0,0,0,0,0,0,0,0,0,0,0
vaccinium_angustifolium,AS_Pease,33709,NA,NEBC,7,Jul,19,1948,7/19/1948,Vermont,Essex,0,0,0,0,0,0,0,0,0,0,0,0,0
vaccinium_angustifolium,AS_Pease,39456,NA,NEBC,5,May,26,1959,5/26/1959,Vermont,Essex,0,0,0,0,0,0,0,0,0,0,0,0,0
desmodium_canadense,NA_getlater,NA,NA,Gray,9,Sep,10,1906,9/10/1906,Vermont,Franklin,1,0,0,0,0,0,0,0,0,0,0,0,0
desmodium_canadense,NA_getlater,28402,NA,NEBC,7,Jul,20,1938,7/20/1938,Vermont,Franklin,2,1,0,0,0,0,0,0,0,0,0,0,0
desmodium_canadense,NA_getlater,NA,NA,NEBC,7,Jul,15,1939,7/15/1939,Vermont,Franklin,0,0,0,0,0,0,0,0,0,0,0,0,0
desmodium_canadense,NA_getlater,NA,NA,NEBC,8,Aug,19,1980,8/19/1980,Vermont,Franklin,3,1,0,0,0,0,0,0,0,0,0,0,0
quercus_bicolor,NA_getlater,NA,NA,NEBC,7,Jul,24,1935,7/24/1935,Vermont,Grand Isle,3,0,0,0,0,0,0,0,0,1,0,0,0
desmodium_canadense,NA_getlater,NA,NA,NEBC,8,Aug,17,1935,8/17/1935,Vermont,Grand Isle,1,0,0,0,0,0,0,0,0,0,0,0,0
quercus_bicolor,NA_getlater,NA,NA,NEBC,7,Jul,15,1937,7/15/1937,Vermont,Grand Isle,1,0,0,0,0,0,3,0,0,0,0,0,0
vaccinium_angustifolium,WH_Blanchard,NA,NA,GH,9,Sep,7,1918,9/7/1918,Vermont,Lamoille,0,1,0,0,0,0,0,0,0,0,0,0,0
vaccinium_angustifolium,EF_Williams,NA,NA,NEBC,7,Jul,3,1897,10/3/1899,Vermont,Lamoille,0,0,0,0,0,0,0,0,0,0,0,0,0
vaccinium_angustifolium,JR_Churchill,NA,NA,NEBC,7,Jul,3,1897,7/3/1897,Vermont,Lamoille,0,0,0,0,0,0,0,0,0,0,0,0,0
vaccinium_angustifolium,AJ_Grores,NA,NA,NEBC,5,May,23,1895,5/23/1895,Vermont,Lamoille,2,0,0,0,0,0,0,0,0,0,0,0,0
vaccinium_angustifolium,E_Anderson_RH_Goodwn_RB_Mackintosh_C_Schweinfurth_RH_Welmore,NA,NA,NEBC,6,Jun,10,1933,6/10/1933,Vermont,Orange,5,0,0,0,0,0,0,0,0,0,0,0,0
desmodium_canadense,NA_getlater,NA,NA,NEBC,8,Aug,23,1940,8/23/1940,Vermont,Orange,3,0,0,0,0,0,0,0,0,0,0,0,0
vaccinium_angustifolium,RT_Clausen_ER_Clausen_EP_Wadleigh,5924,NA,GH,8,Aug,31,1942,8/31/1942,Vermont,Orleans,2,0,0,0,0,0,0,0,0,0,0,0,0
vaccinium_angustifolium,EC_Kent,NA,NA,NEBC,8,Aug,31,1904,8/31/1904,Vermont,Rutland,2,0,0,0,0,0,0,0,0,0,0,0,0
desmodium_canadense,NA_getlater,NA,NA,Gray,7,Jul,27,1907,7/27/1907,Vermont,Rutland,3,0,0,0,0,0,0,0,0,0,0,0,0
carya_ovata,NA_getlater,NA,NA,NEBC,7,Jul,9,1919,7/9/1919,Vermont,Rutland,3,0,0,0,0,0,0,0,0,0,0,0,0
vaccinium_angustifolium,CH_Knowlton,NA,NA,NEBC,6,Jun,28,1923,6/28/1923,Vermont,Rutland,0,0,0,0,0,0,0,0,0,0,0,0,0
vaccinium_angustifolium,DL_Dutton,2557,NA,NEBC,6,Jun,14,1926,6/14/1926,Vermont,Rutland,3,0,0,0,0,0,0,0,0,0,0,0,0
vaccinium_angustifolium,M_Hopkins,NA,NA,NEBC,5,May,18,1935,5/18/1935,Vermont,Rutland,0,0,0,0,0,0,0,0,0,0,0,0,0
vaccinium_angustifolium,SK_Harris,NA,NA,NEBC,6,Jun,8,1935,6/8/1935,Vermont,Rutland,3,0,0,0,0,0,0,0,0,0,0,0,0
desmodium_canadense,NA_getlater,NA,NA,NEBC,8,Aug,22,1935,8/22/1935,Vermont,Rutland,2,0,0,0,0,0,1,0,0,0,0,0,0
desmodium_canadense,NA_getlater,NA,NA,NEBC,8,Aug,20,1940,8/20/1940,Vermont,Rutland,0,0,0,0,0,0,0,0,0,3,0,0,0
carya_ovata,NA_getlater,NA,NA,NEBC,6,Jun,10,1970,6/10/1970,Vermont,Rutland,0,0,0,0,0,0,0,0,0,1,0,0,0
carya_ovata,NA_getlater,NA,NA,NEBC,6,Jun,20,1970,6/20/1970,Vermont,Rutland,2,0,0,0,0,0,0,0,0,0,0,0,0
carya_ovata,NA_getlater,NA,NA,NEBC,6,Jun,20,1970,6/20/1970,Vermont,Rutland,1,0,0,0,0,0,0,0,0,3,0,0,0
carya_ovata,NA_getlater,NA,NA,NEBC,8,Aug,28,1970,8/28/1970,Vermont,Rutland,3,2,0,0,2,0,0,0,0,4,0,0,0
desmodium_canadense,F,NA,NA,Gray,9,Sep,12,1897,9/12/1897,Vermont,Rutland,5,5,0,3,0,0,0,0,0,0,0,0,0
quercus_bicolor,F,NA,NA,Gray,5,May,12,1899,5/12/1899,Vermont,Rutland,0,0,0,0,0,0,0,0,0,0,0,0,0
carya_ovata,NA_getlater,NA,NA,Arnold,9,Sep,27,1899,9/27/1899,Vermont,Rutland,0,1,0,0,0,0,1,0,0,2,0,0,0
vaccinium_angustifolium,WW_Eggleston,1448,NA,GH,7,Jul,1,1899,7/1/1899,Vermont,Rutland,4,0,0,0,0,0,0,0,0,0,0,0,0
vaccinium_angustifolium,W_Eggleston,1451,NA,NEBC,5,May,10,1899,5/10/1899,Vermont,Rutland,0,0,0,0,0,0,0,0,0,0,0,0,0
desmodium_canadense,NA_getlater,157201,NA,NEBC,7,Jul,21,1911,7/21/1911,Vermont,Windham,0,1,0,0,0,0,0,0,0,0,0,0,0
carya_ovata,NA_getlater,NA,NA,NEBC,5,May,26,1912,5/26/1912,Vermont,Windham,0,0,0,0,0,0,0,0,0,0,0,0,0
carya_ovata,NA_getlater,NA,NA,NEBC,5,May,28,1912,5/28/1912,Vermont,Windham,0,0,0,0,0,0,0,0,0,0,0,0,0
vaccinium_angustifolium,LA_Wheeler,109301,NA,NEBC,5,May,28,1913,5/28/1913,Vermont,Windham,1,0,0,0,0,0,0,0,0,0,0,0,0
carya_ovata,NA_getlater,NA,NA,NEBC,6,Jun,11,1920,6/11/1920,Vermont,Windham,NA,NA,NA,NA,NA,NA,NA,NA,NA,NA,NA,NA,NA
vaccinium_angustifolium,CA_Weatherby,4681,NA,GH,6,Jun,28,1920,6/28/1920,Vermont,Windham,0,0,0,0,0,0,0,0,0,0,0,0,0
vaccinium_angustifolium,CA_Weatherby,4681,NA,NEBC,6,Jun,28,1920,6/28/1920,Vermont,Windham,1,0,0,0,0,0,0,0,0,0,0,0,0
desmodium_canadense,NA_getlater,NA,NA,NEBC,8,Aug,2,1922,8/2/1922,Vermont,Windham,0,0,0,0,0,0,0,0,0,0,0,0,0
vaccinium_angustifolium,CA_Weatherby,5384,NA,NEBC,5,May,29,1925,5/29/1925,Vermont,Windham,0,0,0,0,0,0,0,0,0,0,0,0,0
desmodium_canadense,NA_getlater,5057,NA,NEBC,9,Sep,7,1961,9/7/1961,Vermont,Windham,3,0,0,4,0,0,0,0,0,0,0,0,0
carya_ovata,NA_getlater,NA,NA,NEBC,9,Sep,28,1961,9/28/1961,Vermont,Windham,3,0,0,0,0,0,0,0,0,0,0,0,0
desmodium_canadense,NA_getlater,NA,NA,NEBC,8,Aug,10,1912,8/10/1912,Vermont,Windsor,1,1,0,0,0,0,0,0,0,0,0,0,0
desmodium_canadense,NA_getlater,NA,NA,NEBC,8,Aug,23,1919,8/23/1919,Vermont,Windsor,3,0,0,0,0,0,0,0,0,0,0,0,0
vaccinium_angustifolium,RJ_Eaton_H_StJohn,NA,NA,NEBC,6,Jun,12,1920,6/12/1920,Vermont,Windsor,0,0,0,0,0,0,0,0,0,0,0,0,0
carya_ovata,NA_getlater,NA,NA,NEBC,10,Oct,2,1970,10/2/1970,Vermont,Windsor,2,0,0,0,0,0,0,0,0,3,0,0,0
carya_ovata,NA_getlater,NA,NA,NEBC,8,Aug,3,1981,8/3/1981,Vermont,Windsor,0,0,0,0,1,0,0,0,0,2,0,0,0
quercus_bicolor,NA_getlater,NA,NA,NEBC_,9,Sep,23,1993,9/23/1993,Vermont,Windsor,0,0,0,0,0,0,0,0,0,2,0,0,0