plant_genus_species,taxon,MF,abscission_num,herbarium,date,month,day,year,doy,state,phenology,county,ch_leafremoved,skel,unknown.lesions,stippling,blotch.mine,serpentine.mine,leafminer.oviholes,leaf.galls,leaf.roller,sooty.mould,aphids,spidermites,softscaleinsects
clethra_alnifolia,asterid,F,1753,AA,24-Aug-1923,8,24,1923,236,Massachusetts,flowering,Essex,5,0,0,0,0,0,0,0,0,0,0,0,0
clethra_alnifolia,asterid,M,NA,NEBC,20-Sep-1936,9,20,1936,264,Massachusetts,not,Essex,0,0,0,0,0,0,0,0,0,0,0,0,0
clethra_alnifolia,asterid,M,NA,NEBC,20-Aug-1902,8,20,1902,232,Massachusetts,flowering,Middlesex,5,0,0,0,0,0,0,0,0,0,0,0,0
clethra_alnifolia,asterid,M,NA,GRAY,1-Aug-1943,8,1,1943,213,Massachusetts,not,Middlesex,2,0,0,0,0,0,0,0,0,0,0,0,0
clethra_alnifolia,asterid,M,14811,NEBC,13-Sep-1914,9,13,1914,256,Massachusetts,flowering,Middlesex,2,0,0,0,0,0,0,0,0,0,0,0,0
clethra_alnifolia,asterid,M,NA,GRAY,10-Aug-1912,8,10,1912,223,Massachusetts,flowering,Suffolk,1,0,0,0,0,0,0,0,0,0,0,0,0
clethra_alnifolia,asterid,M,20014,AA,30-May-1921,5,30,1921,150,Massachusetts,not,Suffolk,3,0,0,0,0,0,0,0,0,0,0,0,0
clethra_alnifolia,asterid,F,NA,NEBC,3-Sep-1912,9,3,1912,247,Massachusetts,flowering,Norfolk,0,0,0,0,0,0,0,0,0,0,0,0,0
clethra_alnifolia,asterid,M,NA,NEBC,14-Aug-1907,8,14,1907,226,Massachusetts,not,Norfolk,2,0,0,1,0,0,0,0,0,0,0,0,0
clethra_alnifolia,asterid,M,NA,NEBC,26-Jun-1926,6,26,1926,177,Massachusetts,not,Plymouth,5,0,2,0,0,0,0,0,0,0,0,0,0
clethra_alnifolia,asterid,M,NA,NEBC,6-Sep-1913,9,6,1913,249,Massachusetts,not,Plymouth,3,0,0,0,0,0,0,0,0,0,0,0,0
clethra_alnifolia,asterid,M,NA,NEBC,15-Sep-1923,9,15,1923,258,Massachusetts,not,Bristol,5,0,0,0,0,0,0,0,0,0,0,0,0
clethra_alnifolia,asterid,M,NA,NEBC,16-Sep-1916,9,16,1916,260,Massachusetts,not,Barnstable,4,0,0,0,0,0,0,0,0,0,0,0,0
clethra_alnifolia,asterid,M,18888,NEBC,24-Jul-1919,7,24,1919,205,Massachusetts,not,Barnstable,4,0,0,0,0,0,0,0,0,0,0,0,0
clethra_alnifolia,asterid,M,17240,NEBC,27-Aug-1918,8,27,1918,239,Massachusetts,flowering,Barnstable,5,0,0,0,0,0,0,0,0,0,0,0,0
clethra_alnifolia,asterid,M,17235,NEBC,13-Aug-1918,8,13,1918,225,Massachusetts,flowering,Barnstable,5,0,0,0,0,0,0,0,0,0,0,0,0
clethra_alnifolia,asterid,M,NA,GRAY,24-Aug-1927,8,24,1927,236,Massachusetts,flowering,Barnstable,3,0,0,0,0,0,0,0,0,0,0,0,0
clethra_alnifolia,asterid,M,19070,AA,29-Jul-1904,7,29,1904,211,Massachusetts,flowering,Barnstable,4,0,0,0,0,0,0,0,0,0,0,0,0
clethra_alnifolia,asterid,M,18887,NEBC,22-Jul-1919,7,22,1919,203,Massachusetts,not,Barnstable,0,0,0,0,0,0,0,0,0,0,0,0,0
clethra_alnifolia,asterid,M,18891,NEBC,10-Aug-1919,8,10,1919,222,Massachusetts,flowering,Barnstable,0,0,1,0,0,0,0,0,0,0,0,0,0
clethra_alnifolia,asterid,M,1751,NEBC,30-Jun-1916,6,30,1916,182,Massachusetts,not,Dukes,2,0,0,0,0,0,0,0,0,0,0,0,0
clethra_alnifolia,asterid,M,NA,AA,4-Aug-1925,8,4,1925,216,Massachusetts,not,Dukes,4,0,0,0,0,0,0,0,0,0,0,0,0
clethra_alnifolia,asterid,M,2882,NEBC,30-Aug-1927,8,30,1927,242,Massachusetts,flowering,Dukes,4,0,1,0,0,0,0,0,0,0,0,0,0
clethra_alnifolia,asterid,M,7453,NEBC,3-Aug-1911,8,3,1911,215,Massachusetts,not,Dukes,1,0,0,0,0,0,0,0,0,0,0,0,0
clethra_alnifolia,asterid,M,116,GRAY,5-Jun-1900,6,5,1900,157,Massachusetts,not ,Nantucket,1,0,0,0,0,0,0,0,0,0,0,0,0
clethra_alnifolia,asterid,M,55406,NEBC,17-Aug-1929,8,17,1929,229,Massachusetts,flowering,Worcester,2,0,0,0,0,0,0,0,0,0,0,0,0
clethra_alnifolia,asterid,M,15333,NEBC,20-May-1916,5,20,1916,141,Massachusetts,not,Worcester,1,0,0,0,0,0,0,0,0,0,0,0,0
clethra_alnifolia,asterid,M,28922,NEBC,4-Aug-1953,8,4,1953,216,Massachusetts,flowering,Worcester,0,0,0,0,0,0,0,0,0,0,0,0,0
clethra_alnifolia,asterid,M,2480,NEBC,20-Sep-1930,9,20,1930,263,Massachusetts,not,Worcester,3,0,0,0,0,0,0,0,0,0,0,0,0
clethra_alnifolia,asterid,M,31148,NEBC,19-Sep-1914,9,19,1914,262,Massachusetts,not,Worcester,4,0,0,0,0,0,0,0,0,0,0,0,0
clethra_alnifolia,asterid,M,728,GRAY,24-Aug-1929,8,24,1929,236,Massachusetts,flowering,Hampden,0,0,0,0,0,0,0,0,0,0,0,0,0
clethra_alnifolia,asterid,M,NA,NEBC,10-Jun-1922,6,10,1922,161,Rhode_Island,not,Providence,3,0,1,0,0,0,0,0,0,0,0,0,0
clethra_alnifolia,asterid,M,NA,NEBC,30-May-1911,5,30,1911,150,Rhode_Island,not,Providence,2,0,0,0,0,0,0,0,0,0,0,0,0
clethra_alnifolia,asterid,M,NA,GRAY,27-Sep-1903,9,27,1903,270,Rhode_Island,not,Newport,5,0,0,3,0,0,0,0,0,0,0,0,0
clethra_alnifolia,asterid,M,NA,NEBC,31-Aug-1919,8,31,1919,243,Rhode_Island,not,Newport,5,0,0,0,0,0,0,0,0,0,0,0,0
clethra_alnifolia,asterid,M,NA,NEBC,9-Aug-1916,8,9,1916,222,Connecticut,not,Newport,2,0,0,0,0,0,0,0,0,0,0,0,0
clethra_alnifolia,asterid,M,3525,NEBC,19-Aug-1914,8,19,1914,231,Connecticut,flowering,Windham,3,0,0,0,0,0,0,0,0,0,0,0,0
clethra_alnifolia,asterid,M,NA,NEBC,24-Aug-1926,8,24,1926,236,Connecticut,flowering,New_London,4,0,0,0,0,0,0,0,0,0,0,0,0
clethra_alnifolia,asterid,M,NA,NEBC,1-Sep-1958,9,1,1958,244,Connecticut,not,Hartford,1,0,0,0,0,0,0,0,0,0,0,0,0
clethra_alnifolia,asterid,M,NA,NEBC,19-Jul-1912,7,19,1912,201,Connecticut,not,Fairfield,2,0,0,0,0,0,0,0,0,0,0,0,0
cornus_racemosa,asterid,M,980,NEBC,3-Jul-1901,7,3,1901,184,Massachusetts,flowering,Essex,1,0,0,0,0,0,0,0,0,0,0,0,0
cornus_racemosa,asterid,M,11963,NEBC,5-Jul-1916,7,5,1916,187,Massachusetts,not,Essex,1,0,0,0,0,0,0,0,0,0,0,0,0
cornus_racemosa,asterid,M,,NEBC,16-Sep-1931,9,16,1931,259,Massachusetts,not,Middlesex,1,0,0,4,0,0,0,0,0,0,0,0,0
cornus_racemosa,asterid,M,,NEBC,29-Jun-1958,6,29,1958,180,Massachusetts,flowering,Middlesex,3,2,0,0,0,0,0,0,0,0,0,0,0
cornus_racemosa,asterid,M,,AA,5-Aug-1900,8,5,1900,218,Massachusetts,not,Middlesex,1,0,0,1,0,0,0,0,0,0,0,0,0
cornus_racemosa,asterid,M,,NEBC,19-Aug-1908,8,19,1908,232,Massachusetts,not,Middlesex,3,0,0,0,0,0,0,0,0,0,0,0,0
cornus_racemosa,asterid,M,,NEBC,5-Sep-1907,9,5,1907,248,Massachusetts,not,Middlesex,3,0,4,0,0,0,0,0,0,0,0,0,0
cornus_racemosa,asterid,M,,NEBC,16-Jun-1907,6,16,1907,167,Massachusetts,flowering,Middlesex,1,0,0,0,0,0,0,0,0,0,0,0,0
cornus_racemosa,asterid,M,15552,NEBC,26-Jun-1915,6,26,1915,177,Massachusetts,flowering,Middlesex,2,0,0,0,0,0,0,0,0,0,0,0,0
cornus_racemosa,asterid,M,15719,NEBC,24-Jul-1915,7,24,1915,205,Massachusetts,not,Middlesex,4,0,0,0,0,0,0,0,0,0,0,0,0
cornus_racemosa,asterid,M,,NEBC,10-Jun-1903,6,10,1903,161,Massachusetts,not,Middlesex,2,0,0,0,0,0,0,0,0,0,0,0,0
cornus_racemosa,asterid,M,,GH,26-Jun-1909,6,26,1909,177,Massachusetts,flowering,Suffolk,3,0,0,0,0,0,0,0,0,0,0,0,0
cornus_racemosa,asterid,M,,NEBC,24-Aug-1909,8,24,1909,236,Massachusetts,not,Suffolk,3,0,0,0,0,0,0,0,0,0,0,0,0
cornus_racemosa,asterid,M,,NEBC,17-Jun-1919,6,17,1919,168,Massachusetts,not,Norfolk,4,0,0,0,0,0,0,0,0,0,0,0,0
cornus_racemosa,asterid,M,25691,AA,6-Jul-1924,7,6,1924,188,Massachusetts,flowering,Norfolk,2,0,0,0,0,0,0,0,0,0,0,0,0
cornus_racemosa,asterid,M,,GH,7-Sep-1909,9,7,1909,250,Massachusetts,not,Norfolk,4,3,0,0,0,0,0,0,0,0,0,0,0
cornus_racemosa,asterid,M,,NEBC,27-Jun-1909,6,27,1909,178,Massachusetts,flowering,Norfolk,1,0,0,0,0,0,0,0,0,0,0,0,0
cornus_racemosa,asterid,M,,AA,30-May-1908,5,30,1908,151,Massachusetts,flowering,Norfolk,1,0,0,0,0,0,0,0,0,0,0,0,0
cornus_racemosa,asterid,M,,NEBC,13-Jul-1924,7,13,1924,195,Massachusetts,flowering,Plymouth,0,0,0,0,0,0,0,0,0,0,0,0,0
cornus_racemosa,asterid,M,16987,NEBC,14-Sep-1956,9,14,1956,258,Massachusetts,not,Bristol,5,0,2,0,0,0,0,0,0,0,0,0,0
cornus_racemosa,asterid,F,,NEBC,30-Jun-1900,6,30,1900,182,Massachusetts,flowering,Barnstable,1,0,4,0,0,0,0,0,0,0,0,0,0
cornus_racemosa,asterid,M,28807,NEBC,28-Jun-1953,6,28,1953,179,Massachusetts,flowering,Worcester,3,0,0,0,0,0,0,0,0,0,0,0,0
cornus_racemosa,asterid,M,5172,NEBC,26-Jun-1913,6,26,1913,177,Massachusetts,flowering,Worcester,3,0,0,0,0,0,0,0,0,0,0,0,0
cornus_racemosa,asterid,M,3611,NEBC,30-May-1912,5,30,1912,151,Massachusetts,not,Worcester,3,0,0,0,0,0,0,0,0,0,0,0,0
cornus_racemosa,asterid,M,,NEBC,10-Sep-1931,9,10,1931,253,Massachusetts,not,Worcester,4,0,0,1,0,0,0,0,0,0,0,0,0
cornus_racemosa,asterid,M,2489,NEBC,20-Sep-1930,9,20,1930,263,Massachusetts,not,Worcester,3,0,1,0,0,0,0,0,0,0,0,0,0
cornus_racemosa,asterid,M,1103,NEBC,22-Jun-1911,6,22,1911,173,Massachusetts,not,Worcester,0,0,0,0,0,0,0,0,0,0,0,0,0
cornus_racemosa,asterid,F,,NEBC,14-Jun-1953,6,14,1953,165,Massachusetts,not,Franklin,5,0,0,0,0,0,0,0,0,0,0,0,0
cornus_racemosa,asterid,M,,NEBC,11-May-1912,5,11,1912,132,Massachusetts,not,Franklin,0,0,0,0,0,0,0,0,0,0,0,0,0
cornus_racemosa,asterid,M,,NEBC,17-May-1913,5,17,1913,137,Massachusetts,not,Hampshire,1,0,0,0,0,0,0,0,0,0,0,0,0
cornus_racemosa,asterid,M,,NEBC,18-May-1913,5,18,1913,138,Massachusetts,not,Hampden,1,2,0,0,0,0,0,0,0,0,0,0,0
cornus_racemosa,asterid,M,15,GH,22-Sep-1913,9,22,1913,265,Massachusetts,not,Hampden,3,0,0,0,0,0,0,0,0,0,0,0,0
cornus_racemosa,asterid,M,45576,AA,24-Aug-1941,8,24,1941,236,Rhode_Island,not,Providence,2,0,2,0,0,0,0,0,0,0,0,0,0
cornus_racemosa,asterid,M,,AA,10-Aug-1941,8,10,1941,222,Rhode_Island,not,Providence,3,0,0,0,0,0,0,0,0,0,0,0,0
cornus_racemosa,asterid,M,46034,NEBC,13-Jun-1942,6,13,1942,164,Rhode_Island,flowering,Providence,4,0,0,0,0,0,0,0,0,0,0,0,0
cornus_racemosa,asterid,M,44947,AA,23-Sep-1939,9,23,1939,266,Rhode_Island,not,Providence,5,0,0,0,0,0,0,0,0,0,0,0,0
cornus_racemosa,asterid,M,,NEBC,17-Jun-1934,6,17,1934,168,Connecticut,flowering,Windham,4,0,0,0,0,0,0,0,0,0,0,0,0
cornus_racemosa,asterid,Maybe F,22982,NEBC,1-Aug-1965,8,1,1965,213,Connecticut,not,Windham,3,0,0,0,0,0,0,0,0,0,0,0,0
cornus_racemosa,asterid,M,,NEBC,10-Jun-1922,6,10,1922,161,Connecticut,not,Windham,1,0,0,0,0,0,0,0,0,0,0,0,0
cornus_racemosa,asterid,M,,GH,10-Jun-1922,6,10,1922,161,Connecticut,flowering,Windham,0,1,0,0,0,0,0,0,0,0,0,0,0
epigaea_repens,asterid,M,11876,NEBC,23-Jul-1955,7,23,1955,204,Massachusetts,not,Essex,4,1,0,0,0,0,0,0,0,0,0,0,0
epigaea_repens,asterid,M,326,NEBC,7-May-1932,5,7,1932,128,Massachusetts,not,Middlesex,5,4,0,0,0,0,0,0,0,0,0,0,0
epigaea_repens,asterid,F,847,NEBC,5-May-1928,5,5,1928,126,Massachusetts,flowering,Middlesex,0,0,2,0,0,0,0,0,0,0,0,0,0
epigaea_repens,asterid,M,,NEBC,28-Apr-1940,4,28,1940,119,Massachusetts,flowering,Suffolk,0,0,0,0,0,0,0,0,0,0,0,0,0
epigaea_repens,asterid,M,5909,NEBC,4-May-1919,5,4,1919,124,Massachusetts,flowering,Norfolk,2,2,1,0,0,0,0,0,0,0,0,0,0
epigaea_repens,asterid,M,17264,AA,7-Sep-1918,9,7,1918,250,Massachusetts,not,Barnstable,4,1,0,0,0,0,0,0,0,0,0,0,0
epigaea_repens,asterid,M,983,NEBC,6-Sep-1910,9,6,1910,249,Massachusetts,not,Barnstable,0,0,2,0,0,0,0,0,0,0,0,0,0
epigaea_repens,asterid,M,2488,NEBC,23-Jun-1914,6,23,1914,174,Massachusetts,not,Harwick,0,0,3,0,0,0,0,0,0,0,0,0,0
epigaea_repens,asterid,M,3079,GH,21-May-1904,5,21,1904,142,Massachusetts,flowering,Barnstable,4,0,5,0,0,0,0,0,0,0,0,0,0
epigaea_repens,asterid,M,18917,NEBC,10-Aug-1919,8,10,1919,222,Massachusetts,not,Barnstable,4,1,1,0,0,0,0,0,0,0,0,0,0
epigaea_repens,asterid,F,,AA,22-Aug-1925,8,22,1925,234,Massachusetts,not,Dukes,4,2,1,0,1,0,1,0,0,0,0,0,0
epigaea_repens,asterid,M,1755,GH,28-Jun-1916,6,28,1916,180,Massachusetts,not,Dukes,3,2,0,0,0,0,0,0,0,0,0,0,0
epigaea_repens,asterid,M,110,GH,4-Jun-1900,6,4,1900,156,Massachusetts,flowering,Nantucket,3,4,0,0,0,0,0,0,0,0,0,0,0
epigaea_repens,asterid,M,,NEBC,31-May-1914,5,31,1914,151,Massachusetts,flowering,Worcester,2,2,0,0,0,0,0,0,0,2,0,0,0
epigaea_repens,asterid,M,11760,NEBC,31-Aug-1930,8,31,1930,243,Massachusetts,not,Worcester,4,3,0,0,0,0,0,0,0,0,0,0,0
epigaea_repens,asterid,M,,GH,4-Jun-1910,6,4,1910,155,Massachusetts,not,Worcester,4,3,0,0,1,0,1,0,0,0,0,0,0
epigaea_repens,asterid,M,,NEBC,14-May-1915,5,14,1915,134,Massachusetts,not,Worcester,4,3,0,0,0,0,0,0,0,0,0,0,0
epigaea_repens,asterid,M,,NEBC,20-May-1916,5,20,1916,141,Massachusetts,flowering,Worcester,0,0,0,0,0,0,0,0,0,2,0,0,0
epigaea_repens,asterid,M,,NEBC,10-May-1912,5,10,1912,131,Massachusetts,not,Worcester,3,1,0,0,0,0,0,0,0,0,0,0,0
epigaea_repens,asterid,M,1836,NEBC,10-May-1912,5,10,1912,131,Massachusetts,flowering,Worcester,0,0,0,0,0,0,0,0,0,0,0,0,0
epigaea_repens,asterid,M,,NEBC,18-Jun-1921,6,18,1921,169,Massachusetts,not,Franklin,0,0,0,2,0,0,0,0,0,0,0,0,0
epigaea_repens,asterid,M,,GH,13-May-1911,5,13,1911,133,Massachusetts,flowering,Franklin,5,4,0,0,0,0,0,0,0,0,0,0,0
epigaea_repens,asterid,M,,NEBC,30-May-1901,5,30,1901,150,Massachusetts,flowering,Franklin,5,5,0,0,1,0,1,0,0,0,0,0,0
epigaea_repens,asterid,M,,NEBC,11-May-1912,5,11,1912,132,Massachusetts,flowering,Franklin,3,2,0,0,0,0,0,0,0,1,0,0,0
epigaea_repens,asterid,M,,NEBC,11-May-1912,5,11,1912,132,Massachusetts,flowering,Franklin,4,3,0,0,0,0,0,0,0,2,0,0,0
epigaea_repens,asterid,M,,GH,30-Apr-1936,4,30,1936,121,Massachusetts,flowering,Hampshire,1,4,0,0,0,0,0,0,0,0,0,0,0
epigaea_repens,asterid,M,1369,NEBC,17-May-1913,5,17,1913,137,Massachusetts,flowering,Hampshire,5,3,0,0,0,0,0,0,0,2,0,0,0
epigaea_repens,asterid,M,,NEBC,18-May-1913,5,18,1913,138,Massachusetts,not,Hampden,1,2,1,0,0,0,0,0,0,0,0,0,0
epigaea_repens,asterid,M,,GH,10-Apr-1910,4,10,1910,100,Massachusetts,flowering,Berkshire,0,4,0,0,0,0,0,0,0,2,0,0,0
epigaea_repens,asterid,M,,NEBC,31-May-1919,5,31,1919,151,Massachusetts,flowering,Berkshire,4,3,0,0,0,0,0,0,0,0,0,0,0
epigaea_repens,asterid,M,10137,GH,12-May-1933,5,12,1933,132,Connecticut,flowering,Hagback (?),4,1,1,0,0,0,0,0,0,0,0,0,0
epigaea_repens,asterid,M,18782,NEBC,10-Jul-1947,7,10,1947,191,Rhode_Island,not,Providence,4,0,2,0,0,0,0,0,0,2,0,0,0
epigaea_repens,asterid,M,,NEBC,19-Jun-1920,6,19,1920,171,Rhode_Island,flowering,Kent,3,3,0,0,0,0,0,0,0,0,0,0,0
epigaea_repens,asterid,M,,NEBC,31-Aug-1919,8,31,1919,243,Connecticut,not,Washington,4,1,0,0,0,0,0,0,0,0,0,0,0
epigaea_repens,asterid,M,,NEBC,23-Apr-1904,4,23,1904,114,Connecticut,flowering,Hartford,3,0,0,0,0,0,0,0,0,2,0,0,0
epigaea_repens,asterid,M,,NEBC,7-Jul-1919,7,7,1919,188,Connecticut,not,Washington,4,2,0,0,0,0,0,0,0,0,0,0,0
epigaea_repens,asterid,M,892,NEBC,10-Jun-1911,6,10,1911,161,Connecticut,not,Litchfield,4,3,4,0,0,0,0,0,0,0,0,0,0
epigaea_repens,asterid,M,48104,NEBC,24-May-1947,5,24,1947,144,Rhode_Island,not,Providence,4,2,0,0,1,0,1,0,0,2,0,0,0
epigaea_repens,asterid,M,18782,NEBC,10-Jul-1947,7,10,1947,191,Rhode_Island,not,Providence,2,0,1,0,0,0,0,0,0,0,0,0,0
epigaea_repens,asterid,M,,NEBC,3-Apr-1910,4,3,1910,93,Rhode_Island,flowering,Providence,2,0,0,0,0,0,0,0,0,3,0,0,0
galium_triflorum,asterid,M,9522,NEBC,16-Jun-1954,6,16,1954,167,Massachusetts,not,Essex,1,0,0,0,0,0,0,0,0,0,0,0,0
galium_triflorum,asterid,M,,NEBC,15-Jun-1914,6,15,1914,166,Massachusetts,flowering,Essex,0,0,0,0,0,0,0,0,0,0,0,0,0
galium_triflorum,asterid,M,18362,NEBC,30-Jul-1958,7,30,1958,211,Massachusetts,not,Essex,1,0,0,0,0,0,0,0,0,0,0,0,0
galium_triflorum,asterid,M,,NEBC,11-Jul-1934,7,11,1934,192,Massachusetts,flowering,Middlesex,1,1,0,0,0,0,0,0,0,0,0,0,0
galium_triflorum,asterid,M,,NEBC,20-Jun-1903,6,20,1903,171,Massachusetts,not,Middlesex,1,0,0,0,0,0,0,0,0,0,0,0,0
galium_triflorum,asterid,M,,NEBC,16-Jul-1908,7,16,1908,198,Massachusetts,not,Middlesex,0,0,0,0,0,0,0,0,0,0,0,0,0
galium_triflorum,asterid,M,16456,NEBC,26-Jun-1916,6,26,1916,178,Massachusetts,not,Middlesex,1,0,0,0,0,0,0,0,0,0,0,0,0
galium_triflorum,asterid,M,,NEBC,6-Jul-1946,7,6,1946,187,Massachusetts,not,Middlesex,3,0,0,0,0,0,0,0,0,0,0,0,0
galium_triflorum,asterid,M,,NEBC,7-Jul-1903,7,7,1903,188,Massachusetts,not,Middlesex,1,0,0,0,0,0,0,0,0,0,0,0,0
galium_triflorum,asterid,M,10446,NEBC,2-Oct-1913,10,2,1913,275,Massachusetts,not,Plymouth,3,0,0,0,0,0,0,0,0,0,0,0,0
galium_triflorum,asterid,M,,NEBC,30-May-1926,5,30,1926,150,Massachusetts,not,Bristol,0,0,0,0,0,0,0,0,0,0,0,0,0
galium_triflorum,asterid,M,19129,NEBC,22-Jul-1919,7,22,1919,203,Massachusetts,flowering,Barnstable,0,0,0,0,0,0,0,0,0,0,0,0,0
galium_triflorum,asterid,M,19127,NEBC,9-Jul-1919,7,9,1919,190,Massachusetts,not,Barnstable,0,0,0,0,0,0,0,0,0,0,0,0,0
galium_triflorum,asterid,M,686,NEBC,9-Aug-1927,8,9,1927,221,Massachusetts,flowering,Barnstable,2,0,0,0,0,0,0,0,0,0,0,0,0
galium_triflorum,asterid,M,19130,NEBC,30-Jul-1919,7,30,1919,211,Massachusetts,flowering,Barnstable,0,1,0,0,0,0,0,0,0,0,0,0,0
galium_triflorum,asterid,M,2457,NEBC,10-Aug-1927,8,10,1927,222,Massachusetts,flowering,Dukes,0,0,0,0,0,0,0,0,0,0,0,0,0
galium_triflorum,asterid,M,31389,NEBC,7-Aug-1954,8,7,1954,219,Massachusetts,not,Worcester,1,0,0,0,0,0,0,0,0,0,0,0,0
galium_triflorum,asterid,M,29419,NEBC,16-Jun-1953,6,16,1953,167,Massachusetts,flowering,Worcester,2,0,0,0,0,0,0,0,0,0,0,0,0
galium_triflorum,asterid,M,,NEBC,2-Jul-1935,7,2,1935,183,Massachusetts,not,Worcester,2,1,0,0,0,0,0,0,0,0,0,0,0
galium_triflorum,asterid,M,29422,NEBC,28-Jun-1953,6,28,1953,179,Massachusetts,not,Worcester,0,0,0,0,0,0,0,0,0,0,0,0,0
galium_triflorum,asterid,M,,NEBC,30-May-1914,5,30,1914,150,Massachusetts,not,Worcester,3,0,0,0,0,0,0,0,0,0,0,0,0
galium_triflorum,asterid,M,5848,NEBC,22-Jun-1943,6,22,1943,173,Massachusetts,not,Worcester,0,0,0,0,0,0,0,0,0,0,0,0,0
galium_triflorum,asterid,M,29421,NEBC,16-Jun-1953,6,16,1953,167,Massachusetts,not,Worcester,2,1,0,0,0,0,0,0,0,0,0,0,0
galium_triflorum,asterid,M,,NEBC,31-May-1910,5,31,1910,151,Massachusetts,not,Franklin,0,0,0,0,0,0,0,0,0,0,0,0,0
galium_triflorum,asterid,M,14,GH,10-Aug-1908,8,10,1908,223,Massachusetts,not,Franklin,2,0,0,0,0,0,0,0,0,0,0,0,0
galium_triflorum,asterid,M,,NEBC,10-Aug-1915,8,10,1915,222,Massachusetts,not,Hampden,2,0,0,0,0,0,0,0,0,0,0,0,0
galium_triflorum,asterid,M,90,GH,15-Sep-1913,9,15,1913,258,Massachusetts,not,Hampden,2,1,0,0,0,0,0,0,0,0,0,0,0
galium_triflorum,asterid,M,117,GH,13-Aug-1901,8,13,1901,225,Massachusetts,not,Berkshire,0,1,0,0,0,0,0,0,0,0,0,0,0
galium_triflorum,asterid,M,2,GH,16-Jun-1901,6,16,1901,167,Massachusetts,not,Berkshire,0,0,0,0,0,0,0,0,0,0,0,0,0
galium_triflorum,asterid,M,,NEBC,2-Aug-1915,8,2,1915,214,Massachusetts,not,Berkshire,4,0,0,0,0,0,0,0,0,0,0,0,0
galium_triflorum,asterid,M,,NEBC,31-May-1919,5,31,1919,151,Massachusetts,not,Berkshire,4,0,0,0,0,0,0,0,0,0,0,0,0
galium_triflorum,asterid,M,,NEBC,16-Jul-1912,7,16,1912,198,Massachusetts,flowering,Berkshire,1,1,0,0,0,0,0,0,0,0,0,0,0
galium_triflorum,asterid,M,,NEBC,27-Jun-1901,6,27,1901,178,Massachusetts,flowering,Berkshire,1,0,0,0,0,0,0,0,0,0,0,0,0
galium_triflorum,asterid,M,,NEBC,31-May-1919,5,31,1919,151,Massachusetts,not,Berkshire,0,0,0,0,0,0,0,0,0,0,0,0,0
galium_triflorum,asterid,M,,NEBC,20-Jul-1912,7,20,1912,202,Connecticut,flowering,New Haven,0,0,0,0,0,0,0,0,0,0,0,0,0
galium_triflorum,asterid,M,2098,NEBC,19-Jul-1914,7,19,1914,200,Connecticut,not,Hartford,0,0,0,0,0,0,0,0,0,0,0,0,0
galium_triflorum,asterid,M,,GH,12-Jul-1903,7,12,1903,193,Connecticut,not,Hartford,0,0,0,0,0,0,0,0,0,0,0,0,0
galium_triflorum,asterid,M,1358,NEBC,16-Jul-1904,7,16,1904,198,Connecticut,flowering,Hartford,2,0,0,1,0,0,0,0,0,0,0,0,0
galium_triflorum,asterid,M,4741,NEBC,11-Jul-1920,7,11,1920,193,Connecticut,flowering,Windham,0,1,0,0,0,0,0,0,0,0,0,0,0
galium_triflorum,asterid,M,,NEBC,10-Jun-1922,6,10,1922,161,Rhode_Island,not,Providence,1,0,1,0,0,0,0,0,0,0,0,0,0
gaylussacia_baccata,asterid,M,1577,NEBC,30-May-1914,5,30,1914,150,Massachusetts,flowering,Middlesex,0,0,0,0,0,0,0,0,0,0,0,0,0
gaylussacia_baccata,asterid,M,18016,NEBC,19-May-1918,5,19,1918,139,Massachusetts,flowering,Middlesex,0,0,0,0,0,0,0,0,0,0,0,0,0
gaylussacia_baccata,asterid,M,,AA,31-Aug-1910,8,31,1910,243,Massachusetts,not,Suffolk,0,0,0,0,0,0,0,0,0,0,0,0,0
gaylussacia_baccata,asterid,M,,GH,29-Mar-1912,3,29,1912,89,Massachusetts,flowering,Norfolk,0,0,0,0,0,0,0,0,0,0,0,0,0
gaylussacia_baccata,asterid,M,,NEBC,21-Jun-1933,6,21,1933,172,Massachusetts,not,Norfolk,0,0,0,0,0,0,0,0,0,0,0,0,0
gaylussacia_baccata,asterid,M,,NEBC,11-Aug-1919,8,11,1919,223,Massachusetts,not,Norfolk,5,0,0,0,0,0,0,0,0,0,0,0,0
gaylussacia_baccata,asterid,M,,GH,9-Jun-1908,6,9,1908,161,Massachusetts,flowering,Norfolk,0,0,0,0,0,0,0,0,0,0,0,0,0
gaylussacia_baccata,asterid,M,812,NEBC,9-Jun-1901,6,9,1901,160,Massachusetts,flowering,Norfolk,1,0,0,0,0,0,0,0,0,0,0,0,0
gaylussacia_baccata,asterid,M,,NEBC,9-Jun-1901,6,9,1901,160,Massachusetts,flowering,Essex,0,0,0,0,0,0,0,0,0,0,0,0,0
gaylussacia_baccata,asterid,M,,GH,1-Jun-1902,6,1,1902,152,Massachusetts,flowering,Essex,0,0,0,0,0,0,0,0,0,2,0,0,1
gaylussacia_baccata,asterid,M,,NEBC,3-May-1925,5,3,1925,123,Massachusetts,flowering,Essex,0,0,0,0,0,0,0,0,0,0,0,0,0
gaylussacia_baccata,asterid,M,,GH,19-Aug-1901,8,19,1901,231,Massachusetts,not,Essex,3,0,1,0,0,0,0,0,0,0,0,0,0
gaylussacia_baccata,asterid,M,,NEBC,30-May-1914,5,30,1914,150,Massachusetts,"buds, but not yet flowering",Middlesex,0,0,0,0,0,0,0,0,0,0,0,0,0
gaylussacia_baccata,asterid,M,,NEBC,7-Jun-1935,6,7,1935,158,Massachusetts,not,Middlesex,0,0,0,0,0,0,0,0,0,0,0,0,0
gaylussacia_baccata,asterid,M,15448,NEBC,9-Jun-1935,6,9,1935,160,Massachusetts,not,Middlesex,0,0,0,0,0,0,0,0,0,0,0,0,0
gaylussacia_baccata,asterid,M,2129,GH,23-Aug-1903,8,23,1903,235,Massachusetts,not,Middlesex,1,0,0,0,0,0,0,0,0,0,0,0,0
gaylussacia_baccata,asterid,M,10161,NEBC,26-Aug-1913,8,26,1913,238,Massachusetts,not,Middlesex,3,0,0,0,0,0,0,0,0,0,0,0,0
gaylussacia_baccata,asterid,M,,NEBC,6-Sep-1920,9,6,1920,250,Massachusetts,not,Middlesex,4,0,0,0,0,0,0,0,0,0,0,0,0
gaylussacia_baccata,asterid,M,,NEBC,23-May-1934,5,23,1934,143,Massachusetts,not,Middlesex,0,0,0,0,0,0,0,0,0,0,0,0,0
gaylussacia_baccata,asterid,M,13233,NEBC,16-Jul-1934,7,16,1934,197,Massachusetts,not,Bristol,3,0,0,0,0,0,0,0,0,0,0,0,0
gaylussacia_baccata,asterid,M,,NEBC,10-Jun-1916,6,10,1916,162,Massachusetts,not,Barnstable,1,0,0,0,0,0,0,0,0,0,0,0,0
gaylussacia_baccata,asterid,M,15354,NEBC,10-Jun-1916,6,10,1916,162,Massachusetts,flowering,Barnstable,0,0,0,0,0,0,0,0,0,0,0,0,0
gaylussacia_baccata,asterid,M,392,NEBC,16-Jun-1912,6,16,1912,168,Massachusetts,flowering,Barnstable,0,0,0,0,0,0,0,0,0,0,0,0,0
gaylussacia_baccata,asterid,M,,NEBC,1-Jun-1913,6,1,1913,152,Massachusetts,flowering,Barnstable,0,0,0,0,0,0,0,0,0,0,0,0,0
gaylussacia_baccata,asterid,M,18929,NEBC,10-Aug-1919,8,10,1919,222,Massachusetts,not,Barnstable,2,0,0,0,0,0,0,0,0,0,0,0,0
gaylussacia_baccata,asterid,M,,NEBC,10-Jun-1916,6,10,1916,162,Massachusetts,flowering,Barnstable,0,0,0,0,0,0,0,0,0,0,0,0,0
gaylussacia_baccata,asterid,M,2479,NEBC,28-Jun-1914,6,28,1914,179,Massachusetts,not,Harwick,0,0,0,0,0,0,0,0,0,0,0,0,0
gaylussacia_baccata,asterid,M,,AA,22-Aug-1925,8,22,1925,234,Massachusetts,not,Dukes,2,0,0,0,0,0,0,0,0,0,0,0,0
gaylussacia_baccata,asterid,M,1310,GH,29-Jun-1916,6,29,1916,181,Massachusetts,not,Dukes,0,0,1,0,0,0,0,0,0,0,0,0,0
gaylussacia_baccata,asterid,M,,AA,16-Jul-1922,7,16,1922,197,Massachusetts,not,Dukes,3,0,0,0,0,0,0,0,0,0,0,0,0
gaylussacia_baccata,asterid,M,,AA,4-Aug-1928,8,4,1928,217,Massachusetts,not,Nantucket,3,0,3,0,0,0,0,0,0,0,0,0,0
gaylussacia_baccata,asterid,M,,NEBC,13-Jun-1915,6,13,1915,164,Massachusetts,not,Worcester,3,0,0,0,0,0,0,0,0,0,0,0,0
gaylussacia_baccata,asterid,M,26794,NEBC,6-Jun-1951,6,6,1951,157,Massachusetts,not,Worcester,2,0,0,0,0,0,0,0,0,0,0,0,0
gaylussacia_baccata,asterid,M,6044,NEBC,27-Sep-1942,9,27,1942,270,Massachusetts,not,Worcester,2,0,0,0,0,0,0,0,0,0,0,0,0
gaylussacia_baccata,asterid,M,14140,NEBC,30-May-1914,5,30,1914,150,Massachusetts,flowering,Worcester,0,0,0,0,0,0,0,0,0,0,0,0,0
gaylussacia_baccata,asterid,M,26792,NEBC,26-May-1951,5,26,1951,146,Massachusetts,flowering,Worcester,0,0,0,0,0,0,0,0,0,0,0,0,0
gaylussacia_baccata,asterid,M,,NEBC,14-May-1915,5,14,1915,134,Massachusetts,not,Franklin,0,0,0,0,0,0,0,0,0,0,0,0,0
gaylussacia_baccata,asterid,M,,NEBC,28-May-1915,5,28,1915,148,Massachusetts,flowering,Hampshire,0,0,2,0,0,0,0,0,0,0,0,0,0
gaylussacia_baccata,asterid,M,,NEBC,17-May-1913,5,17,1913,137,Massachusetts,not,Hampden,0,0,0,0,0,0,0,0,0,0,0,0,0
gaylussacia_baccata,asterid,M,,NEBC,17-May-1913,5,17,1913,137,Massachusetts,flowering,Hampden,1,0,0,0,0,0,0,0,0,0,0,0,0
gaylussacia_baccata,asterid,M,510,GH,21-Jun-1926,6,21,1926,172,Massachusetts,flowering,Hampden,2,0,0,0,0,0,0,0,0,0,0,0,0
gaylussacia_baccata,asterid,M,,NEBC,18-May-1913,5,18,1913,138,Massachusetts,flowering,Hampden,0,0,0,0,0,0,0,0,0,0,0,0,0
gaylussacia_baccata,asterid,M,,NEBC,20-Aug-1904,8,20,1904,233,Massachusetts,not,Berkshire,0,1,0,0,1,0,1,0,0,0,0,0,0
gaylussacia_baccata,asterid,M,,GH,16-Jun-1919,6,16,1919,167,Massachusetts,flowering,Berkshire,0,0,0,0,0,0,0,0,0,0,0,0,0
gaylussacia_baccata,asterid,M,,NEBC,30-May-1919,5,30,1919,150,Massachusetts,flowering,Berkshire,0,0,0,0,0,0,0,0,0,0,0,0,0
gaylussacia_baccata,asterid,M,12653,GH,27-May-1933,5,27,1933,147,Connecticut,flowering,Windham,0,0,0,0,0,0,0,0,0,0,0,0,0
gaylussacia_baccata,asterid,M,,NEBC,17-May-1909,5,17,1909,137,Connecticut,not,New London,0,0,0,0,0,0,0,0,0,0,0,0,0
gaylussacia_baccata,asterid,M,,GH,5-Aug-1902,8,5,1902,217,Connecticut,not,Southington,0,2,0,0,0,0,0,0,0,0,0,0,0
gaylussacia_baccata,asterid,M,2495,GH,24-Sep-1910,9,24,1910,267,Connecticut,not,Gray,3,0,0,0,0,0,0,0,0,0,0,0,0
gaylussacia_baccata,asterid,M,,NEBC,31-May-1903,5,31,1903,151,Connecticut,flowering,Litchfield,0,0,0,0,0,0,0,0,0,0,0,0,0
gaylussacia_baccata,asterid,M,,NEBC,1-Jun-1909,6,1,1909,152,Connecticut,flowering,New London,1,0,0,0,0,0,0,0,0,0,0,0,0
gaylussacia_baccata,asterid,M,,NEBC,30-May-1911,5,30,1911,150,Rhode_Island,not,Providence,0,0,0,0,0,0,0,0,0,0,0,0,0
gaylussacia_baccata,asterid,M,,NEBC,22-May-1911,5,22,1911,142,Rhode_Island,flowering,Providence,0,0,0,0,0,0,0,0,0,0,0,0,0
gaylussacia_baccata,asterid,M,,NEBC,28-May-1914,5,28,1914,148,Rhode_Island,flowering,Providence,3,0,0,0,0,0,0,0,0,0,0,0,0
gaylussacia_baccata,asterid,M,,GH,21-Aug-1913,8,21,1913,233,Rhode_Island,not,Newport,4,3,0,0,0,0,0,0,0,0,0,0,0
gaylussacia_baccata,asterid,M,,NEBC,30-Aug-1919,8,30,1919,242,Rhode_Island,not,Washington,4,0,0,0,0,0,0,0,0,0,0,0,0
gaylussacia_baccata,asterid,M,11408,NEBC,5-Sep-1914,9,5,1914,248,Rhode_Island,not,Washington,3,0,0,1,0,0,0,0,0,0,0,0,0
kalmia_angustifolia,asterid,M,,NEBC,6-Sep-1914,9,6,1914,249,Massachusetts,not,Essex,1,1,0,0,0,0,0,0,0,0,0,0,0
kalmia_angustifolia,asterid,M,487,NEBC,14-Jun-1932,6,14,1932,166,Massachusetts,flowering,Essex,5,2,0,0,0,0,0,0,0,0,0,0,0
kalmia_angustifolia,asterid,M,,NEBC,14-Jun-1933,6,14,1933,165,Massachusetts,flowering,Middlesex,2,0,4,2,0,0,0,0,0,0,0,0,0
kalmia_angustifolia,asterid,M,,GH,5-Jun-1904,6,5,1904,157,Massachusetts,flowering,Middlesex,0,0,0,0,0,0,0,0,0,0,0,0,0
kalmia_angustifolia,asterid,M,,NEBC,7-Jun-1935,6,7,1935,158,Massachusetts,buds,Middlesex,2,1,0,0,0,0,0,0,0,0,0,0,0
kalmia_angustifolia,asterid,M,,NEBC,18-Jun-1939,6,18,1939,169,Massachusetts,flowering,Middlesex,5,0,0,0,0,0,0,0,0,0,0,0,0
kalmia_angustifolia,asterid,M,,GH,18-Jun-1913,6,18,1913,169,Massachusetts,flowering,Middlesex,2,0,1,0,0,0,0,0,0,0,0,0,0
kalmia_angustifolia,asterid,M,,OA,21-Jun-1940,6,21,1940,173,Massachusetts,flowering,Middlesex,5,0,2,0,0,0,0,0,0,0,0,0,0
kalmia_angustifolia,asterid,M,4742,AA,6-Dec-1912,12,6,1912,341,Massachusetts,not,Norfolk,0,0,3,0,0,0,0,0,0,0,0,0,0
kalmia_angustifolia,asterid,M,,NEBC,22-Jun-1912,6,22,1912,174,Massachusetts,flowering,Plymouth,1,0,2,0,0,0,0,0,0,0,0,0,0
kalmia_angustifolia,asterid,M,12271,NEBC,18-Jun-1912,6,18,1912,170,Massachusetts,flowering,Bristol,0,0,0,0,0,0,0,0,0,0,0,0,0
kalmia_angustifolia,asterid,M,25092,NEBC,1-Jul-1950,7,1,1950,182,Massachusetts,flowering,Worcester,1,0,3,0,0,0,0,0,0,0,0,0,0
kalmia_angustifolia,asterid,M,15340,NEBC,20-May-1916,5,20,1916,141,Massachusetts,not,Worcester,5,0,0,0,0,0,0,0,0,0,0,0,0
kalmia_angustifolia,asterid,M,3627,NEBC,30-May-1912,5,30,1912,151,Massachusetts,not,Worcester,2,0,3,0,0,0,0,0,0,0,0,0,0
kalmia_angustifolia,asterid,M,,NEBC,10-May-1912,5,10,1912,131,Massachusetts,not,Worcester,1,0,4,0,0,0,0,0,0,0,0,0,0
kalmia_angustifolia,asterid,M,,NEBC,14-May-1915,5,14,1915,134,Massachusetts,not,Franklin,0,0,0,0,0,0,0,0,0,0,0,0,0
kalmia_angustifolia,asterid,M,,NEBC,15-May-1915,5,15,1915,135,Massachusetts,not,Franklin,0,0,0,0,0,0,0,0,0,0,0,0,0
kalmia_angustifolia,asterid,M,,NEBC,5-May-1915,5,5,1915,125,Massachusetts,not,Franklin,1,0,1,0,0,0,0,0,0,0,0,0,0
kalmia_angustifolia,asterid,M,,NEBC,11-May-1912,5,11,1912,132,Massachusetts,not,Franklin,1,0,2,0,0,0,0,0,0,0,0,0,0
kalmia_angustifolia,asterid,M,,GH,24-Jun-1925,6,24,1925,175,Massachusetts,flowering,Franklin,1,0,0,0,0,0,0,0,0,0,0,0,0
kalmia_angustifolia,asterid,M,,NEBC,17-May-1913,5,17,1913,137,Massachusetts,not,Hampshire,1,0,0,0,0,0,0,0,0,0,0,0,0
kalmia_angustifolia,asterid,M,520,GH,12-Aug-1912,8,12,1912,225,Massachusetts,not,Hampshire,0,0,0,0,0,0,0,0,0,0,0,0,0
kalmia_angustifolia,asterid,M,,NEBC,17-May-1913,5,17,1913,137,Massachusetts,not,Hampden,0,0,0,0,0,0,0,0,0,0,0,0,0
kalmia_angustifolia,asterid,M,197,GH,25-Jun-1914,6,25,1914,176,Massachusetts,flowering,Hampden,2,0,4,0,0,0,0,0,0,0,0,0,0
kalmia_angustifolia,asterid,M,,NEBC,18-May-1913,5,18,1913,138,Massachusetts,not,Hampden,1,0,0,0,0,0,0,0,0,0,0,0,0
kalmia_angustifolia,asterid,M,86,NEBC,17-May-1913,5,17,1913,137,Massachusetts,not,Hampden,2,0,3,0,0,0,0,0,0,0,0,0,0
kalmia_angustifolia,asterid,M,,NEBC,30-May-1919,5,30,1919,150,Massachusetts,not,Berkshire,3,0,3,0,0,0,0,0,0,0,0,0,0
kalmia_angustifolia,asterid,M,10134,GH,24-Jun-1913,6,24,1913,175,Massachusetts,flowering,Berkshire,3,0,0,1,0,0,0,0,0,0,0,0,0
kalmia_angustifolia,asterid,M,,NEBC,30-May-1919,5,30,1919,150,Massachusetts,not,Berkshire,3,0,0,0,0,0,0,0,0,0,0,0,0
kalmia_angustifolia,asterid,M,,NEBC,10-Jun-1919,6,10,1919,161,Massachusetts,flowering,Berkshire,1,0,3,0,0,0,0,0,0,0,0,0,0
kalmia_angustifolia,asterid,M,,NEBC,10-Jun-1922,6,10,1922,161,Rhode_Island,flowering,Providence,0,0,0,0,0,0,0,0,0,0,0,0,0
kalmia_angustifolia,asterid,M,,NEBC,19-Jun-1912,6,19,1912,171,Rhode_Island,flowering,Kent,3,0,0,0,0,0,0,0,0,0,0,0,0
kalmia_angustifolia,asterid,M,,GH,18-Jun-1908,6,18,1908,170,Rhode_Island,flowering,Washington,0,0,2,0,0,0,0,0,0,0,0,0,0
kalmia_angustifolia,asterid,M,,NEBC,31-Aug-1919,8,31,1919,243,Rhode_Island,not,Washington,1,0,0,0,0,0,0,0,0,0,0,0,0
kalmia_angustifolia,asterid,M,,GH,17-Jun-1905,6,17,1905,168,Connecticut,flowering,New London,2,0,0,0,0,0,0,0,0,0,0,0,0
kalmia_angustifolia,asterid,M,115,NEBC,7-Jun-1904,6,7,1904,159,Connecticut,flowering,Hartford,2,3,0,0,0,0,0,0,0,0,0,0,0
kalmia_angustifolia,asterid,M,,NEBC,30-Jun-1911,6,30,1911,181,Connecticut,flowering,Fairfield,0,0,5,0,0,0,0,0,0,0,0,0,0
kalmia_angustifolia,asterid,M,10426,GH,13-Sep-1927,9,13,1927,256,Connecticut,not,Fairfield,4,0,0,0,0,0,0,0,0,0,0,0,0
kalmia_angustifolia,asterid,M,,NEBC,7-Sep-1902,9,7,1902,250,Connecticut,not,New Haven,0,0,0,0,0,0,0,0,0,0,0,0,0
kalmia_angustifolia,asterid,M,,NEBC,3-Jul-1903,7,3,1903,184,Rhode_Island,flowering,Providence,1,0,1,0,0,0,0,0,0,0,0,0,0
lycopus_americanus,asterid,M,612,NEBC,14-Aug-1932,8,14,1932,227,Massachusetts,flowering,Essex,5,0,0,5,0,0,0,0,0,0,0,0,0
lycopus_americanus,asterid,M,12539,NEBC,30-Sep-1956,9,30,1956,274,Massachusetts,not,Essex,4,0,0,2,0,0,0,0,0,0,0,0,0
lycopus_americanus,asterid,M,9315,NEBC,8-Oct-1953,10,8,1953,281,Massachusetts,not,Essex,2,0,0,5,0,0,0,0,0,0,0,0,0
lycopus_americanus,asterid,M,,NEBC,2-Aug-1921,8,2,1921,214,Massachusetts,not,Middlesex,,0,0,3,0,0,0,0,0,0,0,0,0
lycopus_americanus,asterid,M,,NEBC,7-Sep-1914,9,7,1914,250,Massachusetts,not,Middlesex,1,0,0,0,0,0,0,0,0,0,0,0,0
lycopus_americanus,asterid,M,3171,NEBC,16-Aug-1903,8,16,1903,228,Massachusetts,flowering,Middlesex,,0,0,0,0,0,0,0,0,0,0,0,0
lycopus_americanus,asterid,M,15646,NEBC,18-Jul-1915,7,18,1915,199,Massachusetts,not,Middlesex,5,0,0,0,0,0,0,0,0,0,0,0,0
lycopus_americanus,asterid,M,23538,NEBC,15-Aug-1923,8,15,1923,227,Massachusetts,flowering,Suffolk,2,0,0,0,0,0,0,0,0,0,0,0,0
lycopus_americanus,asterid,M,9904,GH,15-Oct-1906,10,15,1906,288,Massachusetts,not,Suffolk,,0,0,0,0,0,0,0,0,0,0,0,0
lycopus_americanus,asterid,M,,GH,11-Aug-1911,8,11,1911,223,Massachusetts,flowering,Suffolk,2,0,0,1,0,0,0,0,0,0,0,0,0
lycopus_americanus,asterid,M,,GH,11-Aug-1911,8,11,1911,223,Massachusetts,flowering,Norfolk,1,1,0,0,0,0,1,0,0,0,0,0,0
lycopus_americanus,asterid,M,,NEBC,10-Sep-1911,9,10,1911,253,Massachusetts,not,Plymouth,3,0,0,0,0,0,3,0,0,0,0,0,0
lycopus_americanus,asterid,M,,NEBC,15-Sep-1916,9,15,1916,259,Massachusetts,not,Plymouth,3,0,0,0,0,0,0,0,0,0,0,0,0
lycopus_americanus,asterid,M,,NEBC,24-Aug-1907,8,24,1907,236,Massachusetts,flowering,Bristol,3,0,0,0,0,0,0,0,0,0,0,0,0
lycopus_americanus,asterid,M,,NEBC,10-Aug-1907,8,10,1907,222,Massachusetts,flowering,Bristol,2,0,0,0,0,0,0,0,0,0,0,0,0
lycopus_americanus,asterid,M,,NEBC,28-Sep-1929,9,28,1929,271,Massachusetts,not,Bristol,0,0,0,0,0,0,0,0,0,0,0,0,0
lycopus_americanus,asterid,M,19060,NEBC,18-Aug-1919,8,18,1919,230,Massachusetts,flowering,Barnstable,4,0,0,0,0,0,0,0,0,0,0,0,0
lycopus_americanus,asterid,M,775,NEBC,5-Sep-1909,9,5,1909,248,Massachusetts,flowering,Barnstable,1,0,0,0,0,0,0,0,0,0,0,0,0
lycopus_americanus,asterid,M,161265,NEBC,16-Sep-1916,9,16,1916,260,Massachusetts,flowering,Barnstable,2,0,0,0,0,0,0,0,0,0,0,0,0
lycopus_americanus,asterid,M,419,NEBC,7-Aug-1907,8,7,1907,219,Massachusetts,not,Barnstable,0,0,0,0,0,0,0,0,0,0,0,0,0
lycopus_americanus,asterid,M,,NEBC,1-Aug-1907,8,1,1907,213,Massachusetts,flowering,Barnstable,0,0,0,0,0,0,0,0,0,0,0,0,0
lycopus_americanus,asterid,M,C-35,NEBC,15-Aug-1917,8,15,1917,227,Massachusetts,flowering,Dukes,4,0,0,0,0,0,0,0,0,0,0,0,0
lycopus_americanus,asterid,M,2970,NEBC,2-Sep-1927,9,2,1927,245,Massachusetts,flowering,Dukes,2,0,0,0,0,0,0,0,0,0,0,0,0
lycopus_americanus,asterid,M,2004,GH,5-Sep-1917,9,5,1917,248,Massachusetts,not,Dukes,3,0,0,0,0,0,2,0,0,0,0,0,0
lycopus_americanus,asterid,M,2777,NEBC,26-Aug-1927,8,26,1927,238,Massachusetts,flowering,Dukes,2,0,0,1,0,0,0,0,0,0,0,0,0
lycopus_americanus,asterid,M,63882,NEBC,10-Aug-1931,8,10,1931,222,Massachusetts,flowering,Worcester,0,0,0,0,0,0,0,0,0,0,0,0,0
lycopus_americanus,asterid,M,16336,NEBC,1-Sep-1939,9,1,1939,244,Massachusetts,flowering,Worcester,3,0,0,3,0,0,2,0,0,0,0,0,0
lycopus_americanus,asterid,M,,NEBC,1-Sep-1913,9,1,1913,244,Massachusetts,flowering,Franklin,1,0,0,1,0,0,0,0,0,0,0,0,0
lycopus_americanus,asterid,M,,NEBC,5-Oct-1911,10,5,1911,278,Massachusetts,not,Franklin,0,0,0,0,0,0,0,0,0,0,0,0,0
lycopus_americanus,asterid,M,,NEBC,10-Aug-1912,8,10,1912,223,Massachusetts,flowering,Hampshire,3,0,0,0,0,0,0,0,0,0,0,0,0
lycopus_americanus,asterid,M,,NEBC,17-May-1913,5,17,1913,137,Massachusetts,not,Hampden,0,0,0,0,0,0,0,0,0,0,0,0,0
lycopus_americanus,asterid,M,,NEBC,20-Aug-1913,8,20,1913,232,Massachusetts,not,Hampden,1,0,0,0,0,0,0,0,0,0,0,0,0
lycopus_americanus,asterid,M,,NEBC,2-Aug-1915,8,2,1915,214,Massachusetts,flowering,Berkshire,0,0,0,0,0,0,0,0,0,0,0,0,0
lycopus_americanus,asterid,M,,NEBC,21-Jul-1921,7,21,1921,202,Rhode_Island,flowering,Providence,0,0,0,0,0,0,0,0,0,0,0,0,0
lycopus_americanus,asterid,M,,NEBC,28-Sep-1929,9,28,1929,271,Rhode_Island,not,Newport,0,0,0,0,0,0,0,0,0,0,0,0,0
lycopus_americanus,asterid,M,11424,NEBC,8-Sep-1914,9,8,1914,251,Rhode_Island,not,Kent,3,0,0,0,0,0,0,0,0,0,0,0,0
lycopus_americanus,asterid,M,,NEBC,11-Jun-1927,6,11,1927,162,Rhode_Island,not,Washington,0,0,0,0,0,0,0,0,0,0,0,0,0
lycopus_americanus,asterid,M,,NEBC,27-Sep-1916,9,27,1916,271,Rhode_Island,not,Newport,0,2,0,0,0,0,0,0,0,0,0,0,0
lycopus_americanus,asterid,M,,GH,16-Aug-1906,8,16,1906,228,Connecticut,flowering,New London,1,0,0,0,0,0,1,0,0,0,0,0,0
lycopus_americanus,asterid,M,,NEBC,2-Jul-1903,7,2,1903,183,Connecticut,flowering,Hartford,1,0,0,0,0,0,0,0,0,0,0,0,0
lysimachia_terrestris,asterid,M,NA,NEBC,29-Jul-1920,7,29,1920,211,Massachusetts,not,Middlesex,0,5,0,0,0,0,0,0,0,0,0,0,0
lysimachia_terrestris,asterid,M,2685,NEBC,11-Sep-1907,9,11,1907,254,Massachusetts,not,Middlesex,0,0,0,0,0,0,0,0,0,0,0,0,0
lysimachia_terrestris,asterid,M,2511,GRAY,27-Sep-1913,9,27,1913,270,Massachusetts,not,Middlesex,0,0,0,0,0,0,0,0,0,0,0,0,0
lysimachia_terrestris,asterid,M,1069,NEBC,18-Jul-1901,7,18,1901,199,Massachusetts,not,Essex,0,0,0,0,0,0,0,0,0,0,0,0,0
lysimachia_terrestris,asterid,M,NA,NEBC,30-Jun-1952,6,30,1952,182,Massachusetts,not,Essex,0,2,0,0,0,0,0,0,0,0,0,0,0
lysimachia_terrestris,asterid,M,79,NEBC,4-Oct-1931,10,4,1931,277,Massachusetts,not,Essex,0,0,0,0,0,0,0,0,0,0,0,0,0
lysimachia_terrestris,asterid,F,1376,AA,30-Jun-1923,6,30,1923,181,Massachusetts,not,Essex,0,0,0,0,0,0,0,0,0,0,0,0,0
lysimachia_terrestris,asterid,M,10,NEBC,6-Jul-1913,7,6,1913,187,Massachusetts,flowering,Essex,0,0,0,0,0,0,0,0,0,0,0,0,0
lysimachia_terrestris,asterid,M,8122,NEBC,5-Jul-1952,7,5,1952,187,Massachusetts,not,Essex,0,0,2,0,0,0,0,0,0,0,0,0,0
lysimachia_terrestris,asterid,F,NA,AA,20-Aug-1937,8,20,1937,232,Massachusetts,not,Essex,0,0,0,0,0,0,0,0,0,0,0,0,0
lysimachia_terrestris,asterid,M,NA,NEBC,10-Jul-1904,7,10,1904,192,Massachusetts,not,Suffolk,0,0,0,0,0,0,0,0,0,0,0,0,0
lysimachia_terrestris,asterid,M,NA,NEBC,12-Jul-1933,7,12,1933,193,Massachusetts,flowering,Norfolk,0,2,0,0,0,0,0,0,0,0,0,0,0
lysimachia_terrestris,asterid,M,2576,NEBC,10-Jul-1910,7,10,1910,191,Massachusetts,flowering,Norfolk,0,0,0,0,0,0,0,0,0,0,0,0,0
lysimachia_terrestris,asterid,M,NA,NEBC,28-Sep-1929,9,28,1929,271,Massachusetts,not,Bristol,2,1,0,0,0,0,0,0,0,0,0,0,0
lysimachia_terrestris,asterid,M,NA,NEBC,1-Jul-1903,7,1,1903,182,Massachusetts,not,Bristol,0,0,0,0,0,0,0,0,0,0,0,0,0
lysimachia_terrestris,asterid,M,NA,NEBC,10-Jun-1916,6,10,1916,162,Massachusetts,not,Barnstable,NA,NA,0,0,0,0,0,0,0,0,0,0,0
lysimachia_terrestris,asterid,F,NA,NEBC,30-Jun-1900,6,30,1900,182,Massachusetts,flowering,Barnstable,1,1,1,0,0,0,0,0,0,0,0,0,0
lysimachia_terrestris,asterid,M,2652,NEBC,3-Aug-1914,8,3,1914,215,Massachusetts,flowering,Barnstable,2,0,0,0,0,0,0,0,0,0,0,0,0
lysimachia_terrestris,asterid,M,17286,NEBC,22-Aug-1918,8,22,1918,234,Massachusetts,not,Barnstable,0,0,0,0,0,0,0,0,0,0,0,0,0
lysimachia_terrestris,asterid,M,18980,NEBC,22-Jul-1919,7,22,1919,203,Massachusetts,flowering,Barnstable,1,3,0,0,0,0,0,0,0,0,0,0,0
lysimachia_terrestris,asterid,M,NA,NEBC,16-Sep-1916,9,16,1916,260,Massachusetts,not,Barnstable,0,0,2,0,0,0,0,0,0,0,0,0,0
lysimachia_terrestris,asterid,M,2344,NEBC,4-Aug-1927,8,4,1927,216,Massachusetts,flowering,Dukes,0,0,2,0,0,0,0,0,0,0,0,0,0
lysimachia_terrestris,asterid,M,7182,NEBC,18-Jul-1911,7,18,1911,199,Massachusetts,flowering,Dukes,1,0,0,0,0,0,0,0,0,0,0,0,0
lysimachia_terrestris,asterid,M,NA,NEBC,11-Jul-1954,7,11,1954,192,Massachusetts,flowering,Worcester,0,0,0,0,0,0,0,0,0,0,0,0,0
lysimachia_terrestris,asterid,M,NA,NEBC,30-Jul-1935,7,30,1935,211,Massachusetts,not,Worcester,0,3,0,0,0,0,0,0,0,0,0,0,0
lysimachia_terrestris,asterid,M,2475,NEBC,20-Sep-1930,9,20,1930,263,Massachusetts,not,Worcester,0,0,0,1,0,0,0,0,0,0,0,0,0
lysimachia_terrestris,asterid,M,NA,NEBC,24-Jun-1934,6,24,1934,175,Massachusetts,not,Worcester,0,0,0,0,0,0,0,0,0,0,0,0,0
lysimachia_terrestris,asterid,M,59389,NEBC,15-Jul-1930,7,15,1930,196,Massachusetts,flowering,Hampshire,0,0,0,0,0,0,0,0,0,0,0,0,0
lysimachia_terrestris,asterid,M,650,GRAY,13-Aug-1912,8,13,1912,226,Massachusetts,not,Hampshire,0,1,3,0,0,0,0,0,0,0,0,0,0
lysimachia_terrestris,asterid,M,NA,NEBC,17-Aug-1915,8,17,1915,229,Massachusetts,not,Berkshire,0,0,0,0,0,0,0,0,0,0,0,0,0
lysimachia_terrestris,asterid,M,45540,GRAY,23-Aug-1941,8,23,1941,235,Rhode_Island,not,Providence,1,1,0,0,0,0,0,0,0,0,0,0,0
lysimachia_terrestris,asterid,M,NA,NEBC,18-Jul-1908,7,18,1908,200,Rhode_Island,flowering,Providence,2,1,0,0,0,0,0,0,0,0,0,0,0
lysimachia_terrestris,asterid,M,732,NEBC,7-Jul-1913,7,7,1913,188,Rhode_Island,not,Providence,0,0,0,0,0,0,0,0,0,0,0,0,0
lysimachia_terrestris,asterid,M,658,NEBC,30-Jun-1906,6,30,1906,181,Rhode_Island,not,Bristol,0,0,0,0,0,0,0,0,0,0,0,0,0
lysimachia_terrestris,asterid,M,1409,NEBC,3-Sep-1914,9,3,1914,246,Rhode_Island,not,Washington,0,0,0,0,0,0,0,0,0,0,0,0,0
lysimachia_terrestris,asterid,M,NA,NEBC,2-Jul-1903,7,2,1903,183,Connecticut,not,Windham,2,0,4,0,0,0,0,0,0,0,0,0,0
lysimachia_terrestris,asterid,M,NA,NEBC,11-Jun-1922,6,11,1922,162,Connecticut,not,Windham,1,0,0,0,0,0,0,0,0,0,0,0,0
lysimachia_terrestris,asterid,M,NA,NEBC,31-Aug-1919,8,31,1919,243,Connecticut,not,New_London,0,4,0,0,0,0,0,0,0,0,0,0,0
lysimachia_terrestris,asterid,M,NA,NEBC,15-Aug-1903,8,15,1903,227,Connecticut,not,Hartford,0,1,0,0,0,0,0,0,0,0,0,0,0
lysimachia_terrestris,asterid,M,NA,NEBC,11-Aug-1909,8,11,1909,223,Connecticut,flowering,Fairfield,1,0,0,0,0,0,0,0,0,0,0,0,0
lysimachia_terrestris,asterid,M,2337,NEBC,30-Jun-1940,6,30,1940,182,Connecticut,not,Tolland,0,0,0,0,0,0,0,0,0,0,0,0,0
mentha_arvensis,asterid,M,18214,NEBC,25-Jul-1958,7,25,1958,206,Massachusetts,flowering,Essex,1,0,0,1,0,0,0,0,0,0,0,0,0
mentha_arvensis,asterid,M,10333,NEBC,11-Sep-1913,9,11,1913,254,Massachusetts,not,Essex,0,0,0,0,0,0,0,0,0,0,0,0,0
mentha_arvensis,asterid,M,18369,NEBC,30-Jul-1958,7,30,1958,211,Massachusetts,flowering,Essex,4,2,0,0,0,0,0,0,0,0,0,0,0
mentha_arvensis,asterid,M,,NEBC,30-Jul-1933,7,30,1933,211,Massachusetts,flowering,Essex,4,0,0,0,0,0,0,0,0,0,0,0,0
mentha_arvensis,asterid,M,,GH,10-Aug-1918,8,10,1918,222,Massachusetts,flowering,Essex,1,0,0,0,0,0,0,0,0,0,0,0,0
mentha_arvensis,asterid,M,,NEBC,7-Oct-1920,10,7,1920,281,Massachusetts,not,Middlesex,0,0,2,1,0,0,0,0,0,0,0,0,0
mentha_arvensis,asterid,M,,GH,9-Aug-1908,8,9,1908,222,Massachusetts,flowering,Middlesex,2,0,0,0,0,0,0,0,0,0,0,0,0
mentha_arvensis,asterid,M,2078,GH,2-Aug-1903,8,2,1903,214,Massachusetts,flowering,Middlesex,1,0,0,0,0,0,0,0,0,0,0,0,0
mentha_arvensis,asterid,M,312,NEBC,11-Aug-1951,8,11,1951,223,Massachusetts,flowering,Middlesex,1,1,0,0,0,0,0,0,0,1,0,0,0
mentha_arvensis,asterid,M,,GH,19-Sep-1908,9,19,1908,263,Massachusetts,flowering,Middlesex,1,1,0,0,0,0,0,0,0,0,0,0,0
mentha_arvensis,asterid,M,,NEBC,28-Aug-1903,8,28,1903,240,Massachusetts,flowering,Middlesex,0,0,0,0,4,0,0,0,0,0,0,0,0
mentha_arvensis,asterid,M,280179,NEBC,29-Jun-1925,6,29,1925,180,Massachusetts,flowering,Suffolk,3,0,0,0,0,0,0,0,0,0,0,0,0
mentha_arvensis,asterid,M,,NEBC,25-Aug-1906,8,25,1906,237,Massachusetts,flowering,Suffolk,1,0,0,0,0,0,0,0,0,0,0,0,0
mentha_arvensis,asterid,M,,NEBC,23-Aug-1910,8,23,1910,235,Massachusetts,flowering,Norfolk,1,0,0,0,0,0,0,0,0,0,0,0,0
mentha_arvensis,asterid,M,,NEBC,15-Sep-1916,9,15,1916,259,Massachusetts,flowering,Plymouth,0,0,0,0,0,0,0,4,0,0,0,0,0
mentha_arvensis,asterid,F,,NEBC,15-Aug-1901,8,15,1901,227,Massachusetts,flowering,Nantucket,3,0,0,0,0,0,0,0,0,0,0,0,0
mentha_arvensis,asterid,M,24407,NEBC,25-Jun-1945,6,25,1945,176,Massachusetts,flowering,Worcester,1,0,0,0,0,0,0,0,0,0,0,0,0
mentha_arvensis,asterid,M,,NEBC,22-Oct-1916,10,22,1916,296,Massachusetts,not,Worcester,2,0,0,2,0,0,0,0,0,0,0,0,0
mentha_arvensis,asterid,M,7249,NEBC,13-Sep-1945,9,13,1945,256,Massachusetts,flowering,Worcester,4,1,0,0,0,0,0,0,0,0,0,0,0
mentha_arvensis,asterid,M,,NEBC,1-Sep-1913,9,1,1913,244,Massachusetts,flowering,Franklin,3,0,0,0,0,0,0,0,0,0,0,0,0
mentha_arvensis,asterid,M,,GH,19-Aug-1901,8,19,1901,231,Massachusetts,flowering,Berkshire,4,0,0,1,0,0,0,0,0,0,0,0,0
mentha_arvensis,asterid,M,,GH,1-Aug-1908,8,1,1908,214,Massachusetts,flowering,Berkshire,0,0,0,0,0,0,0,0,0,0,0,0,0
mentha_arvensis,asterid,M,,NEBC,16-Aug-1916,8,16,1916,229,Massachusetts,not,Berkshire,0,0,4,0,0,0,0,0,0,0,0,0,0
mentha_arvensis,asterid,M,,NEBC,5-Sep-1912,9,5,1912,249,Massachusetts,flowering,Berkshire,2,0,0,0,0,0,0,0,0,0,0,0,0
mentha_arvensis,asterid,M,,NEBC,17-Aug-1920,8,17,1920,230,Rhode_Island,flowering,Providence,0,0,2,0,0,0,0,0,0,0,0,0,0
mentha_arvensis,asterid,M,10332,NEBC,21-Aug-1913,8,21,1913,233,Rhode_Island,flowering,Newport,3,0,0,0,0,0,0,0,0,0,0,0,0
mentha_arvensis,asterid,M,10061,NEBC,19-Aug-1923,8,19,1923,231,Rhode_Island,not,Newport,4,0,0,0,0,0,0,0,0,0,0,0,0
mentha_arvensis,asterid,M,895,NEBC,19-Oct-1913,10,19,1913,292,Rhode_Island,not,Providence,1,0,0,0,1,0,0,0,0,0,0,0,0
mentha_arvensis,asterid,M,,NEBC,10-Aug-1921,8,10,1921,222,Rhode_Island,flowering,Providence,1,0,0,0,1,0,0,0,0,0,0,0,0
mentha_arvensis,asterid,M,11421,NEBC,8-Sep-1914,9,8,1914,251,Rhode_Island,flowering,Kent,2,0,0,0,0,0,0,0,0,0,0,0,0
mentha_arvensis,asterid,M,,GH,20-Aug-1909,8,20,1909,232,Connecticut,flowering,New London,1,1,0,0,0,0,0,0,0,0,0,0,0
mentha_arvensis,asterid,M,,GH,29-Jul-1902,7,29,1902,210,Connecticut,not,New London,1,0,0,0,0,0,0,3,0,0,0,0,0
mentha_arvensis,asterid,M,6298,NEBC,20-Aug-1913,8,20,1913,232,Connecticut,not,New London,2,0,0,0,0,0,0,0,0,0,0,0,0
mentha_arvensis,asterid,M,,NEBC,26-Aug-1908,8,26,1908,239,Connecticut,flowering,Hartford,4,0,0,0,0,0,0,0,0,0,0,0,0
mentha_arvensis,asterid,M,,NEBC,26-Aug-1908,8,26,1908,239,Connecticut,not,Hartford,4,0,0,0,0,0,0,0,0,0,0,0,0
mentha_arvensis,asterid,M,2301,NEBC,16-Sep-1907,9,16,1907,259,Connecticut,not,Hartford,4,0,0,0,0,0,0,0,0,1,1,0,0
mentha_arvensis,asterid,M,,NEBC,8-Aug-1902,8,8,1902,220,Connecticut,flowering,Hartford,1,1,0,0,0,0,0,0,0,0,0,0,0
mentha_arvensis,asterid,M,2273,NEBC,11-Sep-1907,9,11,1907,254,Connecticut,not,New Haven,5,0,0,4,0,0,0,0,0,0,0,0,0
mentha_arvensis,asterid,M,1810,NEBC,3-Aug-1913,8,3,1913,215,Connecticut,flowering,New Haven,0,1,0,0,0,0,0,0,0,0,0,0,0
mentha_arvensis,asterid,M,1811,NEBC,16-Jul-1913,7,16,1913,197,Connecticut,flowering,Litchfield,0,0,0,0,0,0,0,0,0,0,0,0,0
vaccinium_macrocarpon,asterid,M,556,NEBC,14-Aug-1932,8,14,1932,227,Massachusetts,not,Essex,0,0,0,3,0,0,0,0,0,0,0,0,0
vaccinium_macrocarpon,asterid,M,,NEBC,5-Jul-1903,7,5,1903,186,Massachusetts,flowering,Middlesex,0,0,0,0,0,0,0,0,0,0,0,0,0
vaccinium_macrocarpon,asterid,M,1068,NEBC,22-Jul-1928,7,22,1928,204,Massachusetts,flowering,Essex,0,0,1,0,0,0,0,0,0,0,0,0,0
vaccinium_macrocarpon,asterid,M,T529,NEBC,30-May-1913,5,30,1913,150,Massachusetts,not,Middlesex,2,0,0,0,0,0,0,0,0,0,0,0,0
vaccinium_macrocarpon,asterid,M,,NEBC,23-Sep-1911,9,23,1911,266,Massachusetts,not,Middlesex,1,1,0,2,0,0,0,0,0,0,0,0,0
vaccinium_macrocarpon,asterid,M,17986,NEBC,15-Jul-1943,7,15,1943,196,Massachusetts,flowering,Norfolk,0,0,0,0,0,0,0,0,0,2,0,0,0
vaccinium_macrocarpon,asterid,M,19945,GH,17-Aug-1933,8,17,1933,229,Massachusetts,not,Plymouth,1,0,0,0,0,0,0,0,0,0,0,0,0
vaccinium_macrocarpon,asterid,M,553,NEBC,21-Aug-1913,8,21,1913,233,Massachusetts,not,Plymouth,2,1,0,0,0,0,0,0,0,0,0,0,0
vaccinium_macrocarpon,asterid,M,230,NEBC,8-Jul-1907,7,8,1907,189,Massachusetts,flowering,Barnstable,0,2,0,0,0,0,0,0,0,1,0,0,0
vaccinium_macrocarpon,asterid,M,6860,NEBC,14-Sep-1907,9,14,1907,257,Massachusetts,not,Nantucket,3,0,0,0,0,0,0,0,0,0,0,0,0
vaccinium_macrocarpon,asterid,M,6857,NEBC,18-Jun-1908,6,18,1908,170,Massachusetts,flowering,Nantucket,1,3,0,0,0,0,0,0,0,0,0,0,0
vaccinium_macrocarpon,asterid,F,1761,GH,22-Aug-1916,8,22,1916,235,Massachusetts,not,Dukes,,1,0,0,0,0,0,0,0,0,0,0,0
vaccinium_macrocarpon,asterid,M,1312,NEBC,26-Jun-1916,6,26,1916,178,Massachusetts,flowering,Dukes,0,2,0,0,0,0,0,0,0,0,0,0,0
vaccinium_macrocarpon,asterid,M,45183,AA,3-Jul-1940,7,3,1940,185,Massachusetts,not,Dukes,0,0,0,0,0,0,0,0,0,0,0,0,0
vaccinium_macrocarpon,asterid,M,19771,GH,29-Jun-1949,6,29,1949,180,Massachusetts,flowering,Barnstable,1,2,0,0,0,0,0,0,0,0,0,0,0
vaccinium_macrocarpon,asterid,M,18971,NEBC,27-Jul-1919,7,27,1919,208,Massachusetts,not,Barnstable,0,0,0,0,0,0,0,0,0,0,0,0,0
vaccinium_macrocarpon,asterid,M,18969,NEBC,21-Aug-1919,8,21,1919,233,Massachusetts,not,Barnstable,1,0,0,0,0,0,0,0,0,0,0,0,0
vaccinium_macrocarpon,asterid,M,55445,NEBC,21-Aug-1929,8,21,1929,233,Massachusetts,not,Worcester,0,0,0,0,0,0,0,0,0,0,0,0,0
vaccinium_macrocarpon,asterid,M,,NEBC,31-May-1914,5,31,1914,151,Massachusetts,not,Worcester,2,0,0,0,0,0,0,0,0,0,0,0,0
vaccinium_macrocarpon,asterid,M,,NEBC,4-Aug-1917,8,4,1917,216,Massachusetts,not,Worcester,3,0,0,0,0,0,0,0,0,0,0,0,0
vaccinium_macrocarpon,asterid,M,27483,NEBC,21-Sep-1952,9,21,1952,265,Massachusetts,not,Worcester,1,0,0,0,0,0,0,0,0,0,0,0,0
vaccinium_macrocarpon,asterid,M,,NEBC,13-Sep-1954,9,13,1954,256,Massachusetts,not,Worcester,0,1,0,0,0,0,0,0,0,0,0,0,0
vaccinium_macrocarpon,asterid,M,,GH,10-Jul-1907,7,10,1907,191,Massachusetts,flowering,Franklin,0,0,0,0,0,0,0,0,0,0,0,0,0
vaccinium_macrocarpon,asterid,M,55448,NEBC,27-Jul-1929,7,27,1929,208,Massachusetts,not,Franklin,1,1,0,0,0,0,0,0,0,0,0,0,0
vaccinium_macrocarpon,asterid,M,55446,NEBC,20-Aug-1929,8,20,1929,232,Massachusetts,not,Hampshire,2,3,0,0,0,0,0,0,0,0,0,0,0
vaccinium_macrocarpon,asterid,M,49,GH,16-Sep-1913,9,16,1913,259,Massachusetts,not,Hampden,1,1,0,0,0,0,0,0,0,0,0,0,0
vaccinium_macrocarpon,asterid,M,,NEBC,11-Jul-1909,7,11,1909,192,Massachusetts,flowering,Berkshire,2,0,0,0,0,0,0,0,0,0,0,0,0
vaccinium_macrocarpon,asterid,M,,NEBC,3-Jul-1903,7,3,1903,184,Rhode_Island,flowering,Providence,1,1,0,0,0,0,0,0,0,0,0,0,0
vaccinium_macrocarpon,asterid,M,47172,AA,28-Jun-1945,6,28,1945,179,Rhode_Island,flowering,Providence,0,1,0,0,0,0,0,0,0,0,0,0,0
vaccinium_macrocarpon,asterid,M,1767,GH,13-Sep-1903,9,13,1903,256,Rhode_Island,not,Providence,0,0,2,0,0,0,0,0,0,0,0,0,0
vaccinium_macrocarpon,asterid,M,612,NEBC,6-Jul-1906,7,6,1906,187,Massachusetts,flowering,Bristol,0,0,0,0,0,0,0,0,0,0,0,0,0
vaccinium_macrocarpon,asterid,M,,NEBC,31-Aug-1919,8,31,1919,243,Rhode_Island,not,Washington,2,2,0,0,0,0,0,0,0,0,0,0,0
vaccinium_macrocarpon,asterid,M,,NEBC,10-Jun-1927,6,10,1927,161,Rhode_Island,not,Washington,0,0,0,0,0,0,0,0,0,0,0,0,0
vaccinium_macrocarpon,asterid,M,10193,GH,20-Aug-1913,8,20,1913,232,Rhode_Island,not,Newport,1,1,0,0,0,0,0,0,0,0,0,0,0
vaccinium_macrocarpon,asterid,M,,NEBC,11-Jun-1922,6,11,1922,162,Connecticut,not,Windham,0,1,0,0,0,0,0,0,0,1,0,0,0
vaccinium_macrocarpon,asterid,M,4766,NEBC,11-Jul-1920,7,11,1920,193,Connecticut,flowering,Tolland,0,0,0,0,0,0,0,0,0,0,0,0,0
vaccinium_macrocarpon,asterid,M,1565,NEBC,29-Aug-1905,8,29,1905,241,Connecticut,not,Hartford,0,2,0,0,0,0,0,0,0,0,0,0,0
vaccinium_macrocarpon,asterid,M,6516,NEBC,22-Jun-1915,6,22,1915,173,Connecticut,flowering,Hartford,0,0,0,0,0,0,0,0,0,0,0,0,0
vaccinium_macrocarpon,asterid,M,,NEBC,18-Jun-1948,6,18,1948,170,Connecticut,flowering,Middlesex,1,1,0,0,0,0,0,0,0,0,0,0,0
vaccinium_macrocarpon,asterid,M,,NEBC,25-Oct-1916,10,25,1916,299,Connecticut,not,Litchfield,0,0,0,0,0,0,0,0,0,0,0,0,0
baptisia_tinctoria,rosid,M,9715,NEBC,11-Sep-1913,9,11,1913,254,Massachusetts,flowering,Essex,1,0,0,1,0,0,0,0,0,0,0,0,0
baptisia_tinctoria,rosid,M,517,NEBC,31-Jul-1932,7,31,1932,213,Massachusetts,flowering,Essex,1,0,0,0,0,0,0,0,0,0,0,0,0
baptisia_tinctoria,rosid,M,NA,NEBC,11-Jul-1913,7,11,1913,192,Massachusetts,not,Essex,2,0,0,0,0,0,0,0,0,0,0,0,0
baptisia_tinctoria,rosid,M,NA,NEBC,9-Jul-1933,7,9,1933,190,Massachusetts,flowering,Essex,2,0,0,0,0,0,0,0,0,0,0,0,0
baptisia_tinctoria,rosid,M,NA,NEBC,16-Jul-1902,7,16,1902,197,Massachusetts,not,Middlesex,1,0,0,1,0,0,0,0,0,0,0,0,0
baptisia_tinctoria,rosid,M,15423,NEBC,17-Jun-1915,6,17,1915,168,Massachusetts,not,Middlesex,0,0,0,0,0,0,0,0,0,0,0,0,0
baptisia_tinctoria,rosid,M,15678,GRAY,4-Aug-1940,8,4,1940,217,Massachusetts,flowering,Middlesex,2,0,0,3,0,0,0,0,0,0,0,0,0
baptisia_tinctoria,rosid,M,NA,NEBC,17-Jul-1919,7,17,1919,198,Massachusetts,flowering,Suffolk,3,0,0,0,0,0,0,0,0,0,0,0,0
baptisia_tinctoria,rosid,M,NA,NEBC,12-Jul-1913,7,12,1913,193,Massachusetts,not,Norfolk,1,0,0,1,0,0,0,0,0,0,0,0,0
baptisia_tinctoria,rosid,M,6192,NEBC,18-Aug-1902,8,18,1902,230,Massachusetts,flowering,Norfolk,4,0,0,0,0,0,0,0,0,0,0,0,0
baptisia_tinctoria,rosid,M,NA,NEBC,8-Sep-1928,9,8,1928,252,Massachusetts,not,Norfolk,0,0,0,2,0,0,0,0,0,0,0,0,0
baptisia_tinctoria,rosid,M,425,NEBC,27-Aug-1913,8,27,1913,239,Massachusetts,flowering,Plymouth,0,0,0,4,0,0,0,0,0,0,0,0,0
baptisia_tinctoria,rosid,M,NA,NEBC,15-Jul-1910,7,15,1910,196,Massachusetts,flowering,Bristol,2,0,0,0,0,0,0,0,0,0,0,0,0
baptisia_tinctoria,rosid,M,NA,NEBC,10-Jun-1916,6,10,1916,162,Massachusetts,not,Barnstable,2,0,0,0,0,0,0,0,0,0,0,0,0
baptisia_tinctoria,rosid,M,1544,NEBC,11-Sep-1912,9,11,1912,255,Massachusetts,flowering,Barnstable,0,0,0,0,0,0,0,0,0,0,0,0,0
baptisia_tinctoria,rosid,M,NA,NEBC,2-Aug-1914,8,2,1914,214,Massachusetts,flowering,Barnstable,1,0,0,0,0,0,0,0,0,0,0,0,0
baptisia_tinctoria,rosid,M,NA,NEBC,11-Jul-1906,7,11,1906,192,Massachusetts,not,Barnstable,2,0,0,0,0,0,0,0,0,0,0,0,0
baptisia_tinctoria,rosid,M,16958,NEBC,13-Aug-1918,8,13,1918,225,Massachusetts,not,Barnstable,0,0,0,0,0,0,0,0,0,0,0,0,0
baptisia_tinctoria,rosid,M,18620,NEBC,10-Aug-1919,8,10,1919,222,Massachusetts,not,Barnstable,0,0,0,0,0,0,0,0,0,0,0,0,0
baptisia_tinctoria,rosid,M,1237,GRAY,5-Sep-1916,9,5,1916,249,Massachusetts,not,Dukes,1,0,0,0,0,0,0,0,0,0,0,0,0
baptisia_tinctoria,rosid,M,101,NEBC,10-Aug-1938,8,10,1938,222,Massachusetts,not,Dukes,0,0,0,0,0,0,0,0,0,0,0,0,0
baptisia_tinctoria,rosid,M,27260,NEBC,8-Sep-1951,9,8,1951,251,Massachusetts,not,Worcester,0,0,1,1,0,0,0,0,0,0,0,0,0
baptisia_tinctoria,rosid,M,NA,NEBC,15-Jul-1903,7,15,1903,196,Massachusetts,not,Worcester,1,0,0,1,0,0,0,0,0,0,0,0,0
baptisia_tinctoria,rosid,F,NA,NEBC,16-Sep-1934,9,16,1934,259,Massachusetts,not,Worcester,2,0,0,5,0,0,0,0,0,0,0,0,0
baptisia_tinctoria,rosid,M,25114,NEBC,10-Aug-1950,8,10,1950,222,Massachusetts,flowering,Worcester,0,0,0,0,0,0,0,0,0,0,0,0,0
baptisia_tinctoria,rosid,M,NA,NEBC,8-Jul-1959,7,8,1959,189,Massachusetts,not,Franklin,0,0,0,0,0,0,0,0,0,0,0,0,0
baptisia_tinctoria,rosid,M,56170,NEBC,19-Jul-1929,7,19,1929,200,Massachusetts,not,Hampshire,0,0,0,0,0,0,0,0,0,0,0,0,0
baptisia_tinctoria,rosid,M,NA,NEBC,14-Jul-1945,7,14,1945,195,Massachusetts,flowering,Hampden,2,0,0,0,0,0,0,0,0,0,0,0,0
baptisia_tinctoria,rosid,M,NA,NEBC,20-Aug-1915,8,20,1915,232,Massachusetts,not,Hampden,2,1,0,2,0,0,0,0,0,0,0,0,0
baptisia_tinctoria,rosid,M,NA,NEBC,17-May-1913,5,17,1913,137,Massachusetts,not,Hampden,0,0,0,0,0,0,0,0,0,0,0,0,0
baptisia_tinctoria,rosid,M,NA,NEBC,18-May-1913,5,18,1913,138,Massachusetts,not,Hampden,0,0,0,0,0,0,0,0,0,0,0,0,0
baptisia_tinctoria,rosid,M,NA,GRAY,27-Jul-1903,7,27,1903,208,Massachusetts,flowering,Hampden,0,0,0,0,0,0,0,0,0,0,0,0,0
baptisia_tinctoria,rosid,M,NA,NEBC,8-Aug-1920,8,8,1920,221,Massachusetts,flowering,Berkshire,2,1,0,0,0,0,0,0,0,0,0,0,0
baptisia_tinctoria,rosid,M,9714,NEBC,9-Sep-1913,9,9,1913,252,Massachusetts,not,Barnstable,2,3,0,1,0,0,0,0,0,0,0,0,0
baptisia_tinctoria,rosid,M,NA,NEBC,11-Jul-1906,7,11,1906,192,Massachusetts,not,Barnstable,3,0,0,0,0,0,0,0,0,0,0,0,0
baptisia_tinctoria,rosid,M,18621,NEBC,22-Jul-1919,7,22,1919,203,Massachusetts,not,Barnstable,0,0,0,0,0,0,0,0,0,0,0,0,0
baptisia_tinctoria,rosid,M,NA,NEBC,18-Jul-1908,7,18,1908,200,Rhode_Island,not,Providence,4,1,0,1,0,0,0,0,0,0,0,0,0
baptisia_tinctoria,rosid,M,NA,NEBC,31-Aug-1919,8,31,1919,243,Rhode_Island,not,Washington,0,0,0,1,0,0,0,0,0,0,0,0,0
baptisia_tinctoria,rosid,M,5067,NEBC,9-Jul-1922,7,9,1922,190,Connecticut,flowering,Tolland,4,0,0,0,0,0,0,0,0,0,0,0,0
baptisia_tinctoria,rosid,M,8223,NEBC,15-Aug-1940,8,15,1940,228,Connecticut,flowering,New Haven,3,1,0,0,0,0,0,0,0,0,0,0,0
lechea_intermedia,rosid,M,NA,NEBC,1-Oct-1916,10,1,1916,275,Massachusetts,not,Essex,0,0,0,0,0,0,0,0,0,0,0,0,0
lechea_intermedia,rosid,M,2712,NEBC,27-Aug-1933,8,27,1933,239,Massachusetts,not,Essex,0,4,0,0,0,0,0,0,0,0,0,0,0
lechea_intermedia,rosid,M,NA,NEBC,7-Sep-1946,9,7,1946,250,Massachusetts,not,Middlesex,0,0,0,0,0,0,0,0,0,0,0,0,0
lechea_intermedia,rosid,M,9963,NEBC,25-Sep-1913,9,25,1913,268,Massachusetts,not,Middlesex,0,1,0,0,0,0,0,0,0,1,0,0,2
lechea_intermedia,rosid,M,603,NEBC,4-Oct-1942,10,4,1942,277,Massachusetts,not,Middlesex,2,3,0,0,0,0,0,0,0,1,0,0,0
lechea_intermedia,rosid,M,2481,NEBC,13-Sep-1913,9,13,1913,256,Massachusetts,not,Middlesex,0,1,0,0,0,0,0,0,0,0,0,0,0
lechea_intermedia,rosid,M,NA,GRAY,28-Aug-1916,8,28,1916,241,Massachusetts,not,Middlesex,1,0,0,0,0,0,0,0,0,0,0,0,0
lechea_intermedia,rosid,M,19666,NEBC,4-Aug-1951,8,4,1951,216,Massachusetts,not,Middlesex,0,0,0,0,0,0,0,0,0,0,0,0,0
lechea_intermedia,rosid,M,4961,NEBC,1-Sep-1917,9,1,1917,244,Massachusetts,not,Middlesex,3,1,0,0,0,0,0,0,0,0,0,0,0
lechea_intermedia,rosid,M,13777,NEBC,22-Sep-1934,9,22,1934,265,Massachusetts,not,Norfolk,0,0,0,0,0,0,0,0,0,0,0,0,0
lechea_intermedia,rosid,M,NA,NEBC,23-Aug-1920,8,23,1920,236,Massachusetts,not,Norfolk,0,3,0,0,0,0,0,0,0,0,0,0,0
lechea_intermedia,rosid,M,NA,NEBC,2-Aug-1945,8,2,1945,214,Massachusetts,not,Norfolk,1,0,0,0,0,0,0,0,0,0,0,0,0
lechea_intermedia,rosid,M,NA,NEBC,14-Sep-1913,9,14,1913,257,Massachusetts,not,Plymouth,0,1,0,0,0,0,0,0,0,0,0,0,0
lechea_intermedia,rosid,M,NA,NEBC,29-Sep-1929,9,29,1929,272,Massachusetts,not,Plymouth,0,0,0,0,0,0,0,0,0,0,0,0,0
lechea_intermedia,rosid,M,NA,NEBC,28-Sep-1929,9,28,1929,271,Massachusetts,not,Bristol,0,2,0,0,0,0,0,0,0,0,0,0,0
lechea_intermedia,rosid,M,17126,NEBC,7-Aug-1918,8,7,1918,219,Massachusetts,not,Barnstable,4,0,0,0,0,0,0,0,0,0,0,0,0
lechea_intermedia,rosid,M,NA,NEBC,24-Oct-1954,10,24,1954,297,Massachusetts,not,Worcester,1,2,0,0,0,0,0,0,0,0,0,0,0
lechea_intermedia,rosid,M,2488,NEBC,20-Sep-1930,9,20,1930,263,Massachusetts,not,Worcester,1,1,0,0,0,0,0,0,0,0,0,0,1
lechea_intermedia,rosid,M,NA,NEBC,6-Sep-1950,9,6,1950,249,Massachusetts,not,Worcester,0,0,0,0,0,0,0,0,0,0,0,0,0
lechea_intermedia,rosid,M,23693,NEBC,7-Aug-1948,8,7,1948,220,Massachusetts,not,Worcester,0,0,0,0,0,0,0,0,0,0,0,0,0
lechea_intermedia,rosid,M,5911,NEBC,18-Aug-1943,8,18,1943,230,Massachusetts,not,Worcester,2,0,0,0,0,0,0,0,0,0,0,0,0
lechea_intermedia,rosid,F,18419,NEBC,14-Sep-1959,9,14,1959,257,Massachusetts,not,Worcester,0,0,0,0,0,0,0,0,0,0,0,0,0
lechea_intermedia,rosid,M,45558,GRAY,23-Aug-1941,8,23,1941,235,Rhode_Island,not,Providence,2,1,0,0,0,0,0,0,0,0,0,0,0
lechea_intermedia,rosid,M,NA,NEBC,19-Sep-1926,9,19,1926,262,Rhode_Island,not,Washington,0,0,0,0,0,0,0,0,0,0,0,0,0
lechea_intermedia,rosid,M,11381,NEBC,3-Sep-1914,9,3,1914,246,Rhode_Island,not,Washington,3,0,0,0,0,0,0,0,0,0,0,0,0
lechea_intermedia,rosid,M,NA,GRAY,30-Aug-1919,8,30,1919,242,Rhode_Island,not,Washington,1,0,0,0,0,0,0,0,0,0,0,0,0
lechea_intermedia,rosid,M,NA,GRAY,13-Sep-1907,9,13,1907,256,Connecticut,not,New_London,0,1,0,0,0,0,0,0,0,0,0,0,0
lechea_intermedia,rosid,M,D1910,NEBC,1-Oct-1919,10,1,1919,274,Connecticut,not,New_London,0,0,0,0,0,0,0,0,0,0,0,0,0
lechea_intermedia,rosid,M,5137,NEBC,21-Aug-1922,8,21,1922,233,Connecticut,not,Tolland,0,0,0,0,0,0,0,0,0,0,0,0,0
lechea_intermedia,rosid,M,1613,NEBC,26-Aug-1905,8,26,1905,238,Connecticut,not,Hartford,0,0,0,0,0,0,0,0,0,0,0,0,0
lechea_intermedia,rosid,M,NA,NEBC,8-Aug-1902,8,8,1902,220,Connecticut,not,Hartford,2,1,0,0,0,0,0,0,0,0,0,0,0
lechea_intermedia,rosid,M,NA,NEBC,14-Sep-1910,9,14,1910,257,Connecticut,not,Hartford,0,0,0,0,0,0,0,0,0,0,0,0,0
lechea_intermedia,rosid,M,NA,GRAY,31-Jul-1901,7,31,1901,212,Connecticut,not,Hartford,1,0,0,0,0,0,0,0,0,0,0,0,0
lechea_intermedia,rosid,M,1318,NEBC,31-Jul-1901,7,31,1901,212,Connecticut,not,Hartford,1,3,0,0,0,0,0,0,0,0,0,0,0
lechea_intermedia,rosid,M,3375,NEBC,9-Sep-1913,9,9,1913,252,Connecticut,not,Middlesex,3,0,0,0,0,0,0,0,0,0,0,0,0
lechea_intermedia,rosid,M,2053,NEBC,28-Sep-1907,9,28,1907,271,Connecticut,not,New_Haven,0,0,0,0,0,0,0,0,0,0,0,0,0
lechea_intermedia,rosid,M,267,NEBC,24-Aug-1902,8,24,1902,236,Connecticut,not,New_Haven,0,0,0,0,0,0,0,0,0,0,0,0,0
lechea_intermedia,rosid,M,NA,NEBC,15-Sep-1911,9,15,1911,258,Connecticut,not,New_Haven,0,0,0,0,0,0,0,0,0,0,0,0,0
lechea_intermedia,rosid,M,NA,GRAY,25-Sep-1904,9,25,1904,269,Connecticut,not,Litchfield,3,0,0,0,0,0,0,0,0,0,0,0,0
lechea_intermedia,rosid,M,3562,NEBC,5-Sep-1914,9,5,1914,248,Connecticut,not,Litchfield,0,0,0,0,0,0,0,0,0,0,0,0,0
lespedeza_capitata,rosid,M,NA,NEBC,26-Sep-1916,9,26,1916,270,Massachusetts,not,Essex,2,0,0,0,0,0,0,0,0,0,0,0,0
lespedeza_capitata,rosid,M,28528,NEBC,27-Sep-1940,9,27,1940,271,Massachusetts,flowering,Essex,0,0,3,0,0,0,0,0,0,0,0,0,0
lespedeza_capitata,rosid,M,NA,NEBC,5-Sep-1907,9,5,1907,248,Massachusetts,not,Middlesex,2,0,0,0,0,0,0,0,0,0,0,0,0
lespedeza_capitata,rosid,M,NA,NEBC,9-Oct-1927,10,9,1927,282,Massachusetts,not,Middlesex,0,0,0,0,0,0,0,0,0,0,0,0,0
lespedeza_capitata,rosid,M,NA,NEBC,6-Sep-1909,9,6,1909,249,Massachusetts,flowering,Middlesex,1,0,0,0,0,0,0,0,0,0,0,0,0
lespedeza_capitata,rosid,M,NA,NEBC,23-Sep-1916,9,23,1916,267,Massachusetts,flowering,Middlesex,2,1,0,0,0,0,0,0,0,0,0,0,0
lespedeza_capitata,rosid,M,NA,NEBC,8-Oct-1908,10,8,1908,282,Massachusetts,flowering,Middlesex,2,1,0,0,0,0,0,0,0,0,0,0,0
lespedeza_capitata,rosid,M,4980,NEBC,10-Sep-1917,9,10,1917,253,Massachusetts,not,Norfolk,0,0,0,0,0,0,0,0,0,0,0,0,0
lespedeza_capitata,rosid,M,NA,NEBC,29-Sep-1917,9,29,1917,272,Massachusetts,flowering,Norfolk,0,0,0,0,0,0,0,0,0,0,0,0,0
lespedeza_capitata,rosid,M,4982,NEBC,10-Sep-1917,9,10,1917,253,Massachusetts,flowering,Norfolk,4,0,0,0,0,0,0,0,0,0,0,0,0
lespedeza_capitata,rosid,M,9743,NEBC,26-Aug-1913,8,26,1913,238,Massachusetts,flowering,Plymouth,1,0,0,0,0,0,0,0,0,0,0,0,0
lespedeza_capitata,rosid,M,9746,NEBC,30-Aug-1913,8,30,1913,242,Massachusetts,not,Plymouth,0,0,0,0,0,0,0,0,0,0,0,0,0
lespedeza_capitata,rosid,M,9748,GRAY,2-Oct-1913,10,2,1913,275,Massachusetts,not,Plymouth,0,0,0,0,0,0,0,0,0,0,0,0,0
lespedeza_capitata,rosid,M,17747,GRAY,17-Sep-1957,9,17,1957,260,Massachusetts,not,Bristol,0,5,0,0,0,0,0,0,0,0,0,0,0
lespedeza_capitata,rosid,M,NA,NEBC,16-Sep-1916,9,16,1916,260,Massachusetts,not,Barnstable,1,0,0,0,0,0,0,0,0,0,0,0,0
lespedeza_capitata,rosid,M,12,GRAY,15-Sep-1901,9,15,1901,258,Massachusetts,not,Barnstable,0,0,0,0,0,0,0,0,0,0,0,0,0
lespedeza_capitata,rosid,M,1564,NEBC,11-Sep-1912,9,11,1912,255,Massachusetts,not,Barnstable,0,0,0,0,4,0,0,0,0,0,0,0,0
lespedeza_capitata,rosid,M,NA,NEBC,10-Aug-1907,8,10,1907,222,Massachusetts,flowering,Barnstable,2,0,0,0,0,0,0,0,0,0,0,0,0
lespedeza_capitata,rosid,M,16992,NEBC,20-Sep-1918,9,20,1918,263,Massachusetts,not,Barnstable,1,0,0,0,0,0,0,0,0,0,0,0,0
lespedeza_capitata,rosid,M,1954,GRAY,20-Sep-1916,9,20,1916,264,Massachusetts,not,Dukes,2,0,3,0,0,0,0,0,0,0,0,0,0
lespedeza_capitata,rosid,M,5110,NEBC,7-Sep-1913,9,7,1913,250,Massachusetts,flowering,Dukes,1,0,1,0,0,0,0,0,0,0,0,0,0
lespedeza_capitata,rosid,M,935,NEBC,16-Aug-1928,8,16,1928,229,Massachusetts,flowering,Dukes,0,0,0,0,2,0,0,0,0,0,0,0,0
lespedeza_capitata,rosid,M,2038,Arnold,22-Aug-1926,8,22,1926,234,Massachusetts,flowering,Nantucket,0,0,0,0,0,0,0,0,0,0,0,0,0
lespedeza_capitata,rosid,M,NA,NEBC,19-Aug-1935,8,19,1935,231,Massachusetts,flowering,Worcester,3,2,0,0,0,0,0,0,0,0,0,0,0
lespedeza_capitata,rosid,M,NA,NEBC,22-Sep-1921,9,22,1921,265,Massachusetts,not,Worcester,0,0,0,0,0,0,0,0,0,0,0,0,0
lespedeza_capitata,rosid,M,29326,NEBC,18-Sep-1953,9,18,1953,261,Massachusetts,not,Worcester,1,1,0,0,0,0,0,0,0,0,0,0,0
lespedeza_capitata,rosid,M,NA,NEBC,13-Aug-1933,8,13,1933,225,Massachusetts,flowering,Worcester,0,0,0,0,0,0,0,0,0,0,0,0,0
lespedeza_capitata,rosid,M,NA,NEBC,10-Sep-1928,9,10,1928,254,Massachusetts,not,Franklin,0,0,0,0,2,0,0,0,0,0,0,0,0
lespedeza_capitata,rosid,M,226,GRAY,5-Sep-1914,9,5,1914,248,Massachusetts,flowering,Hampden,2,4,4,0,1,0,0,0,0,0,0,0,0
lespedeza_capitata,rosid,M,NA,NEBC,15-Aug-1909,8,15,1909,227,Rhode_Island,flowering,Providence,0,1,0,0,0,0,0,0,0,0,0,0,0
lespedeza_capitata,rosid,M,1829,GRAY,13-Sep-1903,9,13,1903,256,Rhode_Island,flowering,Providence,0,3,0,0,0,0,0,0,0,0,0,0,0
lespedeza_capitata,rosid,M,NA,NEBC,14-Oct-1920,10,14,1920,288,Rhode_Island,not,Kent,0,0,0,0,0,0,0,0,0,0,0,0,0
lespedeza_capitata,rosid,M,11361,NEBC,8-Sep-1914,9,8,1914,251,Rhode_Island,not,Kent,3,2,4,0,1,0,0,0,0,0,0,0,0
lespedeza_capitata,rosid,M,NA,NEBC,1-Sep-1919,9,1,1919,244,Rhode_Island,not,Washington,0,0,0,0,5,0,0,0,0,0,0,0,0
lespedeza_capitata,rosid,M,9742,GRAY,20-Aug-1913,8,20,1913,232,Rhode_Island,flowering,Newport,1,1,0,0,0,0,0,0,0,0,0,0,0
lespedeza_capitata,rosid,M,6174,NEBC,14-Sep-1912,9,14,1912,258,Connecticut,not,New_London,4,2,1,0,0,0,0,0,0,0,0,0,0
lespedeza_capitata,rosid,M,NA,GRAY,15-Sep-1904,9,15,1904,259,Connecticut,not,New_London,1,0,1,0,0,0,0,0,0,0,0,0,0
lespedeza_capitata,rosid,M,NA,NEBC,8-Sep-1906,9,8,1906,251,Connecticut,not,Hartford,2,1,0,0,0,0,0,0,0,0,0,0,0
lespedeza_capitata,rosid,M,NA,NEBC,21-Sep-1910,9,21,1910,264,Connecticut,not,New_Haven,0,2,0,0,3,0,0,0,0,0,0,0,0
lespedeza_capitata,rosid,M,NA,GRAY,10-Oct-1901,10,10,1901,283,Connecticut,not,Fairfield,0,0,1,0,0,0,0,0,0,0,0,0,0
lespedeza_hirta,rosid,M,2456,NEBC,8-Aug-1903,8,8,1903,220,Massachusetts,flowering,Essex,1,3,0,0,1,0,0,0,0,0,0,0,0
lespedeza_hirta,rosid,M,NA,GRAY,2-Oct-1902,10,2,1902,275,Massachusetts,not,Essex,3,4,0,0,1,0,0,0,0,0,0,0,0
lespedeza_hirta,rosid,M,23990,NEBC,30-Sep-1933,9,30,1933,273,Massachusetts,not,Essex,0,0,0,0,0,0,0,0,0,0,0,0,0
lespedeza_hirta,rosid,M,NA,NEBC,19-Aug-1902,8,19,1902,231,Massachusetts,not,Middlesex,3,4,0,0,3,0,0,0,0,0,0,0,0
lespedeza_hirta,rosid,M,NA,NEBC,7-Sep-1914,9,7,1914,250,Massachusetts,not,Middlesex,2,1,0,0,0,0,0,0,0,0,0,0,0
lespedeza_hirta,rosid,M,274,NEBC,15-Jul-1911,7,15,1911,196,Massachusetts,not,Middlesex,1,0,0,0,0,0,0,0,0,0,0,0,0
lespedeza_hirta,rosid,M,15983,NEBC,11-Sep-1915,9,11,1915,254,Massachusetts,not,Middlesex,2,0,0,2,0,0,0,0,0,0,0,0,0
lespedeza_hirta,rosid,M,NA,NEBC,30-Sep-1911,9,30,1911,273,Massachusetts,flowering,Suffolk,4,1,0,0,1,0,0,0,0,0,0,0,0
lespedeza_hirta,rosid,M,9740,NEBC,30-Aug-1913,8,30,1913,242,Massachusetts,flowering,Plymouth,4,1,0,0,0,0,0,0,0,0,0,0,0
lespedeza_hirta,rosid,M,NA,NEBC,29-Sep-1929,9,29,1929,272,Massachusetts,not,Plymouth,2,5,0,0,5,0,0,0,0,0,0,0,0
lespedeza_hirta,rosid,M,461,NEBC,11-Aug-1913,8,11,1913,223,Massachusetts,flowering,Bristol,1,0,0,0,0,0,0,0,0,0,0,0,0
lespedeza_hirta,rosid,M,NA,NEBC,15-Sep-1914,9,15,1914,258,Massachusetts,flowering,Bristol,1,1,0,0,0,0,0,0,0,0,0,0,0
lespedeza_hirta,rosid,M,15861,GRAY,7-Oct-1917,10,7,1917,280,Massachusetts,not,Barnstable,1,3,0,0,0,0,0,4,0,0,0,0,0
lespedeza_hirta,rosid,F,NA,NEBC,14-Aug-1900,8,14,1900,227,Massachusetts,not,Barnstable,0,0,0,0,0,0,0,0,0,0,0,0,0
lespedeza_hirta,rosid,M,NA,NEBC,14-Sep-1902,9,14,1902,257,Massachusetts,not,Barnstable,2,0,0,0,0,0,0,2,0,0,0,0,0
lespedeza_hirta,rosid,M,NA,NEBC,16-Sep-1916,9,16,1916,260,Massachusetts,flowering,Barnstable,0,4,0,0,0,0,0,0,0,0,0,0,0
lespedeza_hirta,rosid,M,2727,NEBC,5-Aug-1915,8,5,1915,217,Massachusetts,not,Barnstable,0,0,0,0,0,0,0,0,0,0,0,0,0
lespedeza_hirta,rosid,M,3172,NEBC,28-Aug-1914,8,28,1914,240,Massachusetts,flowering,Barnstable,2,2,0,0,0,0,0,0,0,0,0,0,0
lespedeza_hirta,rosid,M,NA,NEBC,10-Aug-1907,8,10,1907,222,Massachusetts,not ,Barnstable,0,0,0,0,0,0,0,0,0,0,0,0,0
lespedeza_hirta,rosid,M,11764,NEBC,16-Sep-1916,9,16,1916,260,Massachusetts,not,Barnstable,2,0,0,0,0,0,0,0,0,0,0,0,0
lespedeza_hirta,rosid,M,NA,NEBC,3-Aug-1913,8,3,1913,215,Massachusetts,flowering,Barnstable,4,1,0,0,0,0,0,0,0,0,0,0,0
lespedeza_hirta,rosid,F,1248,GRAY,21-Aug-1916,8,21,1916,234,Massachusetts,flowering,Dukes,0,0,0,0,0,0,0,0,0,0,0,0,0
lespedeza_hirta,rosid,M,1519,GRAY,20-Sep-1916,9,20,1916,264,Massachusetts,not,Dukes,2,0,0,0,3,0,0,3,0,0,0,0,0
lespedeza_hirta,rosid,M,5129,NEBC,30-Sep-1911,9,30,1911,273,Massachusetts,not,Dukes,2,1,0,0,0,0,0,0,0,0,0,0,0
lespedeza_hirta,rosid,M,1426,GRAY,5-Sep-1917,9,5,1917,248,Massachusetts,not,Dukes,2,3,0,0,0,0,0,0,0,0,0,0,0
lespedeza_hirta,rosid,M,9549,GRAY,5-Sep-1924,9,5,1924,249,Massachusetts,flowering,Dukes,0,0,0,0,0,0,0,0,0,0,0,0,0
lespedeza_hirta,rosid,M,1426,NEBC,5-Sep-1917,9,5,1917,248,Massachusetts,flowering,Dukes,3,2,0,0,0,0,0,0,0,0,0,0,0
lespedeza_hirta,rosid,M,NA,NEBC,5-Jun-1911,6,5,1911,156,Massachusetts,not,Nantucket,1,0,0,0,0,0,0,0,0,0,0,0,0
lespedeza_hirta,rosid,M,NA,NEBC,13-Aug-1933,8,13,1933,225,Massachusetts,not,Worcester,0,0,0,0,0,0,0,0,0,0,0,0,0
lespedeza_hirta,rosid,M,25137,NEBC,26-Aug-1950,8,26,1950,238,Massachusetts,not,Worcester,2,1,0,0,0,0,0,0,0,0,0,0,0
lespedeza_hirta,rosid,M,25112,NEBC,10-Aug-1950,8,10,1950,222,Massachusetts,not,Worcester,3,1,0,0,1,0,0,0,0,0,0,0,0
lespedeza_hirta,rosid,F,NA,NEBC,16-Sep-1934,9,16,1934,259,Massachusetts,flowering,Worcester,0,0,0,0,4,0,0,0,0,0,0,0,0
lespedeza_hirta,rosid,M,97,GRAY,18-Aug-1908,8,18,1908,231,Massachusetts,flowering,Franklin,4,4,0,0,1,0,0,0,0,0,0,0,0
lespedeza_hirta,rosid,M,NA,NEBC,27-Aug-1913,8,27,1913,239,Massachusetts,flowering,Hampden,0,1,0,0,0,0,0,0,0,0,0,0,0
lespedeza_hirta,rosid,M,NA,NEBC,3-Aug-1911,8,3,1911,215,Massachusetts,not,Berkshire,3,2,0,0,0,0,0,0,0,0,0,0,0
lespedeza_hirta,rosid,M,NA,NEBC,13-Sep-1903,9,13,1903,256,Rhode_Island,not,Providence,2,2,0,0,2,0,0,0,0,0,0,0,0
lespedeza_hirta,rosid,M,NA,NEBC,31-Aug-1910,8,31,1910,243,Rhode_Island,flowering,Newport,0,0,0,0,0,0,0,0,0,0,0,0,0
lespedeza_hirta,rosid,M,NA,NEBC,2-Sep-1938,9,2,1938,245,Rhode_Island,flowering,Kent,2,0,0,0,2,0,0,1,0,0,0,0,0
lespedeza_hirta,rosid,M,"11,360",NEBC,5-Sep-1914,9,5,1914,248,Rhode_Island,not,Washington,1,2,0,0,0,0,0,0,0,0,0,0,0
lespedeza_hirta,rosid,M,5816,NEBC,13-Sep-1927,9,13,1927,256,Connecticut,not,Windham,3,0,0,0,0,0,0,0,0,0,0,0,0
ludwigia_palustris,rosid,M,74,NEBC,25-Oct-1931,10,25,1931,298,Massachusetts,flowering,Essex,3,0,0,0,0,0,0,0,0,0,0,0,0
ludwigia_palustris,rosid,M,527,NEBC,16-Sep-1913,9,16,1913,259,Massachusetts,flowering,Essex,0,0,0,0,0,0,0,0,0,0,0,0,0
ludwigia_palustris,rosid,M,368,NEBC,21-Aug-1913,8,21,1913,233,Massachusetts,flowering,Essex,1,0,0,0,0,0,0,0,0,0,0,0,0
ludwigia_palustris,rosid,M,NA,NEBC,29-Jul-1920,7,29,1920,211,Massachusetts,flowering,Middlesex,2,0,0,0,0,0,0,0,0,0,0,0,0
ludwigia_palustris,rosid,M,NA,NEBC,19-Aug-1920,8,19,1920,232,Massachusetts,flowering,Middlesex,2,0,0,0,0,0,0,0,0,0,0,0,0
ludwigia_palustris,rosid,M,NA,NEBC,24-Jun-1932,6,24,1932,176,Massachusetts,flowering,Middlesex,4,0,0,0,0,0,0,0,0,0,0,0,0
ludwigia_palustris,rosid,M,NA,NEBC,19-Sep-1903,9,19,1903,262,Massachusetts,flowering,Middlesex,0,0,0,0,0,0,0,0,0,0,0,0,0
ludwigia_palustris,rosid,M,NA,NEBC,12-Jul-1933,7,12,1933,193,Massachusetts,CHECK,Norfolk,4,0,0,0,0,0,0,0,0,0,0,0,0
ludwigia_palustris,rosid,M,NA,NEBC,4-Jul-1934,7,4,1934,185,Massachusetts,CHECK,Norfolk,4,0,0,0,0,0,0,0,0,2,0,0,0
ludwigia_palustris,rosid,M,NA,NEBC,30-Aug-1942,8,30,1942,242,Massachusetts,CHECK,Norfolk,1,0,0,0,0,0,0,0,0,2,0,0,0
ludwigia_palustris,rosid,M,NA,NEBC,29-Sep-1929,9,29,1929,272,Massachusetts,flowering,Plymouth,NA,NA,NA,NA,NA,NA,NA,NA,NA,NA,NA,NA,NA
ludwigia_palustris,rosid,M,NA,GRAY,4-Sep-1912,9,4,1912,248,Massachusetts,flowering,Bristol,3,0,0,0,0,0,0,0,0,0,0,0,0
ludwigia_palustris,rosid,M,NA,NEBC,25-Sep-1909,9,25,1909,268,Massachusetts,flowering,Bristol,3,0,0,0,0,0,0,0,0,0,0,0,0
ludwigia_palustris,rosid,M,812,NEBC,14-Jul-1911,7,14,1911,195,Massachusetts,flowering,Bristol,5,0,0,0,0,0,0,0,0,3,0,0,0
ludwigia_palustris,rosid,M,18819,NEBC,24-Jul-1919,7,24,1919,205,Massachusetts,flowering,Barnstable,4,0,0,0,0,0,0,0,0,0,0,0,0
ludwigia_palustris,rosid,M,17202,NEBC,7-Sep-1918,9,7,1918,250,Massachusetts,flowering,Barnstable,3,0,0,0,0,0,0,0,0,0,0,0,0
ludwigia_palustris,rosid,M,5110,NEBC,18-Aug-1938,8,18,1938,230,Massachusetts,flowering,Barnstable,4,0,0,0,0,0,0,0,0,0,0,0,0
ludwigia_palustris,rosid,M,18820,NEBC,18-Aug-1919,8,18,1919,230,Massachusetts,flowering,Barnstable,3,0,0,0,0,0,0,0,0,0,0,0,0
ludwigia_palustris,rosid,M,3062,NEBC,22-Aug-1914,8,22,1914,234,Massachusetts,flowering,Barnstable,4,0,0,0,0,0,0,0,0,0,0,0,0
ludwigia_palustris,rosid,M,1568,NEBC,11-Sep-1912,9,11,1912,255,Massachusetts,flowering,Barnstable,0,0,0,0,0,0,0,0,0,0,0,0,0
ludwigia_palustris,rosid,M,624,NEBC,17-Aug-1908,8,17,1908,230,Massachusetts,flowering,Barnstable,4,0,0,0,0,0,0,0,0,0,0,0,0
ludwigia_palustris,rosid,M,650,NEBC,19-Aug-1927,8,19,1927,231,Massachusetts,flowering,Barnstable,4,0,0,0,0,0,0,0,0,2,0,0,0
ludwigia_palustris,rosid,M,4670,NEBC,23-Jul-1935,7,23,1935,204,Massachusetts,not,Dukes,5,0,0,0,0,0,0,0,0,0,0,0,0
ludwigia_palustris,rosid,F,1288,NEBC,23-Aug-1916,8,23,1916,236,Massachusetts,not,Dukes,5,0,0,0,0,0,0,0,0,0,0,0,0
ludwigia_palustris,rosid,M,NA,NEBC,25-Jul-1911,7,25,1911,206,Massachusetts,flowering,Nantucket,3,0,0,0,0,0,0,0,0,0,0,0,0
ludwigia_palustris,rosid,M,NA,NEBC,3-Sep-1935,9,3,1935,246,Massachusetts,flowering,Worcester,5,3,0,0,0,0,0,0,0,0,0,0,0
ludwigia_palustris,rosid,M,NA,NEBC,1-Sep-1913,9,1,1913,244,Massachusetts,not,Franklin,4,0,0,0,0,0,0,0,0,0,0,0,0
ludwigia_palustris,rosid,M,57573,NEBC,21-Sep-1929,9,21,1929,264,Massachusetts,flowering,Franklin,4,0,0,0,0,0,0,0,0,0,0,0,0
ludwigia_palustris,rosid,M,G268,NEBC,14-Aug-1925,8,14,1925,226,Massachusetts,flowering,Hampden,1,0,0,0,0,0,0,0,0,2,0,0,0
ludwigia_palustris,rosid,M,NA,NEBC,7-Jul-1912,7,7,1912,189,Massachusetts,CHECK,Berkshire,0,0,0,0,0,0,0,0,0,0,0,0,0
ludwigia_palustris,rosid,M,NA,NEBC,4-Sep-1907,9,4,1907,247,Rhode_Island,not,Providence,5,0,0,0,0,0,0,0,0,5,0,0,0
ludwigia_palustris,rosid,M,NA,NEBC,15-Sep-1929,9,15,1929,258,Rhode_Island,flowering,Providence,4,0,0,0,0,0,0,0,0,0,0,0,0
ludwigia_palustris,rosid,M,NA,GRAY,1-Sep-1919,9,1,1919,244,Rhode_Island,flowering,Washington,4,0,0,0,0,0,0,0,0,0,0,0,0
ludwigia_palustris,rosid,M,NA,NEBC,31-Aug-1919,8,31,1919,243,Rhode_Island,flowering,Washington,4,0,0,0,0,0,0,0,0,0,0,0,0
ludwigia_palustris,rosid,M,NA,GRAY,19-Sep-1914,9,19,1914,262,Connecticut,flowering,New_London,0,0,0,0,0,0,0,0,0,0,0,0,0
ludwigia_palustris,rosid,M,NA,GRAY,29-Aug-1906,8,29,1906,241,Connecticut,flowering,New_London,2,0,0,0,0,0,0,0,0,2,0,0,0
ludwigia_palustris,rosid,M,NA,NEBC,1-Sep-1934,9,1,1934,244,Connecticut,flowering,New_London,4,1,0,0,0,0,0,0,0,0,0,0,0
ludwigia_palustris,rosid,M,11507,GRAY,3-Oct-1932,10,3,1932,277,Connecticut,flowering,New_London,3,0,0,0,0,0,0,0,0,0,0,0,0
ludwigia_palustris,rosid,M,5266,NEBC,20-Aug-1923,8,20,1923,232,Connecticut,flowering,Tolland,3,0,0,0,0,0,0,0,0,3,0,0,0
ludwigia_palustris,rosid,M,2299,NEBC,16-Sep-1907,9,16,1907,259,Connecticut,not,Hartford,3,0,3,0,0,0,0,0,0,0,0,0,0
polygala_sanguinea,rosid,M,54,NEBC,26-Jul-1931,7,26,1931,207,Massachusetts,flowering,Essex,0,0,0,4,0,0,0,0,0,0,0,0,0
polygala_sanguinea,rosid,M,NA,NEBC,13-Jul-1913,7,13,1913,194,Massachusetts,flowering,Essex,0,0,0,0,0,0,0,0,0,0,0,0,0
polygala_sanguinea,rosid,M,NA,NEBC,26-Sep-1933,9,26,1933,269,Massachusetts,flowering,Middlesex,0,0,0,0,0,0,0,0,0,0,0,0,0
polygala_sanguinea,rosid,M,14941,NEBC,28-Jul-1937,7,28,1937,209,Massachusetts,flowering,Middlesex,1,0,0,0,0,0,0,0,0,0,0,0,0
polygala_sanguinea,rosid,M,NA,NEBC,3-Sep-1902,9,3,1902,246,Massachusetts,flowering,Middlesex,0,0,0,0,0,0,0,0,0,0,0,0,0
polygala_sanguinea,rosid,M,19203,NEBC,4-Aug-1951,8,4,1951,216,Massachusetts,flowering,Middlesex,0,0,0,0,0,0,0,0,0,0,0,0,0
polygala_sanguinea,rosid,M,4273,NEBC,23-Aug-1903,8,23,1903,235,Massachusetts,flowering,Middlesex,0,0,0,0,0,0,0,0,0,0,0,0,0
polygala_sanguinea,rosid,M,NA,NEBC,1-Aug-1902,8,1,1902,213,Massachusetts,flowering,Middlesex,0,0,0,0,0,0,0,0,0,0,0,0,0
polygala_sanguinea,rosid,M,NA,NEBC,11-Aug-1933,8,11,1933,223,Massachusetts,flowering,Norfolk,0,0,0,0,0,0,0,0,0,0,0,0,0
polygala_sanguinea,rosid,M,NA,NEBC,5-Aug-1920,8,5,1920,218,Massachusetts,flowering,Norfolk,0,0,0,0,0,0,0,0,0,0,0,0,0
polygala_sanguinea,rosid,M,4993,NEBC,6-Sep-1937,9,6,1937,249,Massachusetts,flowering,Plymouth,0,1,0,0,0,0,0,0,0,0,0,0,0
polygala_sanguinea,rosid,M,9809,NEBC,26-Aug-1913,8,26,1913,238,Massachusetts,flowering,Plymouth,0,0,0,0,0,0,0,0,0,0,0,0,0
polygala_sanguinea,rosid,F,NA,GRAY,12-Aug-1918,8,12,1918,224,Massachusetts,flowering,Plymouth,0,0,0,0,0,0,0,0,0,0,0,0,0
polygala_sanguinea,rosid,M,NA,NEBC,3-Sep-1945,9,3,1945,246,Massachusetts,flowering,Plymouth,0,0,0,0,0,0,0,0,0,0,0,0,0
polygala_sanguinea,rosid,M,NA,NEBC,28-Sep-1929,9,28,1929,271,Massachusetts,flowering,Bristol,2,0,0,0,0,0,0,0,0,0,0,0,0
polygala_sanguinea,rosid,M,16917,NEBC,22-Aug-1940,8,22,1940,235,Massachusetts,flowering,Bristol,0,0,0,0,0,0,0,0,0,0,0,0,0
polygala_sanguinea,rosid,M,465,NEBC,8-Aug-1913,8,8,1913,220,Massachusetts,flowering,Bristol,1,0,0,0,0,0,0,0,0,0,0,0,0
polygala_sanguinea,rosid,M,21218,GRAY,5-Aug-1950,8,5,1950,217,Massachusetts,flowering,Barnstable,0,0,0,0,0,0,0,0,0,0,0,0,0
polygala_sanguinea,rosid,M,NA,GRAY,6-Sep-1924,9,6,1924,250,Massachusetts,flowering,Dukes,0,0,0,1,0,0,0,0,0,0,0,0,0
polygala_sanguinea,rosid,M,1254,NEBC,27-Jul-1916,7,27,1916,209,Massachusetts,flowering,Dukes,0,0,0,0,0,0,0,0,0,0,0,0,0
polygala_sanguinea,rosid,M,26237,NEBC,29-Jul-1951,7,29,1951,210,Massachusetts,flowering,Worcester,1,0,1,1,0,0,0,0,0,0,0,0,0
polygala_sanguinea,rosid,M,NA,NEBC,17-Jul-1904,7,17,1904,199,Massachusetts,flowering,Worcester,0,0,0,0,0,0,0,0,0,0,0,0,0
polygala_sanguinea,rosid,M,NA,NEBC,25-Aug-1951,8,25,1951,237,Massachusetts,flowering,Worcester,0,0,0,0,0,0,0,0,0,0,0,0,0
polygala_sanguinea,rosid,M,31306,NEBC,18-Aug-1954,8,18,1954,230,Massachusetts,flowering,Worcester,0,0,0,0,0,0,0,0,0,0,0,0,0
polygala_sanguinea,rosid,F,NA,NEBC,6-Sep-1953,9,6,1953,249,Massachusetts,flowering,Franklin,0,0,0,0,0,0,0,0,0,0,0,0,0
polygala_sanguinea,rosid,M,529,GRAY,11-Aug-1912,8,11,1912,224,Massachusetts,flowering,Hampshire,0,0,0,0,0,0,0,0,0,0,0,0,0
polygala_sanguinea,rosid,M,NA,NEBC,9-Sep-1914,9,9,1914,252,Massachusetts,flowering,Hampden,0,0,0,0,0,0,0,0,0,0,0,0,0
polygala_sanguinea,rosid,M,NA,NEBC,30-Sep-1920,9,30,1920,274,Massachusetts,flowering,Berkshire,0,0,0,0,0,0,0,0,0,0,0,0,0
polygala_sanguinea,rosid,M,NA,NEBC,23-Sep-1904,9,23,1904,267,Massachusetts,flowering,Berkshire,0,0,0,0,0,0,0,0,0,0,0,0,0
polygala_sanguinea,rosid,M,45528,NEBC,23-Aug-1941,8,23,1941,235,Rhode_Island,flowering,Providence,0,0,0,1,0,0,0,0,0,0,0,0,0
polygala_sanguinea,rosid,M,18767,NEBC,10-Jul-1947,7,10,1947,191,Rhode_Island,flowering,Providence,0,0,0,0,0,0,0,0,0,0,0,0,0
polygala_sanguinea,rosid,M,301,GRAY,10-Sep-1901,9,10,1901,253,Rhode_Island,flowering,Newport,2,0,0,0,0,0,0,0,0,0,0,0,0
polygala_sanguinea,rosid,M,NA,NEBC,1-Sep-1923,9,1,1923,244,Rhode_Island,flowering,Kent,0,0,0,0,0,0,0,0,0,0,0,0,0
polygala_sanguinea,rosid,M,NA,NEBC,1-Sep-1919,9,1,1919,244,Rhode_Island,flowering,Washington,1,0,0,0,0,0,0,0,0,3,0,0,0
polygala_sanguinea,rosid,M,NA,NEBC,21-Aug-1913,8,21,1913,233,Rhode_Island,flowering,Washington,0,0,0,0,0,0,0,0,0,0,0,0,0
polygala_sanguinea,rosid,M,NA,NEBC,28-Aug-1912,8,28,1912,241,Connecticut,flowering,New_London,0,0,0,0,0,0,0,0,0,0,0,0,0
polygala_sanguinea,rosid,M,6755,NEBC,5-Sep-1912,9,5,1912,249,Connecticut,flowering,New_London,0,0,0,0,0,0,0,0,0,0,0,0,0
polygala_sanguinea,rosid,M,NA,GRAY,5-Aug-1901,8,5,1901,217,Connecticut,flowering,Hartford,0,0,0,0,0,0,0,0,0,0,0,0,0
polygala_sanguinea,rosid,M,NA,NEBC,27-Jul-1915,7,27,1915,208,Connecticut,flowering,New_Haven,0,0,0,0,0,0,0,0,0,1,0,0,0
polygala_sanguinea,rosid,M,NA,GRAY,13-Aug-1941,8,13,1941,225,Connecticut,flowering,Fairfield,0,0,0,0,0,0,0,0,0,0,0,0,0
triadenum_virginicum,rosid,M,15890a,NEBC,11-Sep-1915,9,11,1915,254,Massachusetts,not,Essex,1,0,0,0,0,2,0,0,0,0,0,0,0
triadenum_virginicum,rosid,M,NA,AA,2-Aug-1924,8,2,1924,215,Massachusetts,not,Essex,0,0,0,0,0,0,0,0,0,0,0,0,0
triadenum_virginicum,rosid,M,31064,NEBC,5-Sep-1944,9,5,1944,249,Massachusetts,not,Middlesex,4,0,1,0,0,0,0,0,0,0,0,0,0
triadenum_virginicum,rosid,M,14949,NEBC,28-Jul-1937,7,28,1937,209,Massachusetts,not,Middlesex,0,0,0,0,0,0,0,0,0,0,0,0,0
triadenum_virginicum,rosid,M,15736,NEBC,30-Jul-1915,7,30,1915,211,Massachusetts,flowering,Middlesex,0,0,0,0,0,0,0,0,0,0,0,0,0
triadenum_virginicum,rosid,M,NA,NEBC,12-Sep-1934,9,12,1934,255,Massachusetts,not,Norfolk,5,0,0,0,0,0,0,0,0,0,0,0,0
triadenum_virginicum,rosid,M,NA,NEBC,1-Aug-1908,8,1,1908,214,Massachusetts,not,Norfolk,1,0,0,1,0,0,0,0,0,0,0,0,0
triadenum_virginicum,rosid,M,16923,NEBC,22-Aug-1940,8,22,1940,235,Massachusetts,not,Norfolk,0,0,0,0,0,0,0,0,0,0,0,0,0
triadenum_virginicum,rosid,M,335,NEBC,2-Aug-1942,8,2,1942,214,Massachusetts,flowering,Norfolk,2,0,0,0,0,0,0,0,0,0,0,0,0
triadenum_virginicum,rosid,M,NA,GRAY,9-Sep-1908,9,9,1908,253,Massachusetts,not,Norfolk,0,0,0,0,0,0,0,0,0,0,0,0,0
triadenum_virginicum,rosid,F,NA,GRAY,12-Aug-1918,8,12,1918,224,Massachusetts,flowering,Plymouth,1,1,0,0,0,0,0,0,0,0,0,0,0
triadenum_virginicum,rosid,M,2592,NEBC,4-Oct-1930,10,4,1930,277,Massachusetts,not,Plymouth,3,1,0,0,0,0,0,0,0,0,0,0,0
triadenum_virginicum,rosid,M,NA,NEBC,30-Aug-1941,8,30,1941,242,Massachusetts,not,Plymouth,3,0,1,0,0,0,0,0,0,0,0,0,0
triadenum_virginicum,rosid,M,NA,NEBC,28-Sep-1929,9,28,1929,271,Massachusetts,not,Bristol,4,0,0,0,0,0,0,0,0,0,0,0,0
triadenum_virginicum,rosid,M,484,NEBC,1-Aug-1913,8,1,1913,213,Massachusetts,flowering,Bristol,4,2,0,0,0,0,0,0,0,0,0,0,0
triadenum_virginicum,rosid,M,NA,NEBC,14-Sep-1923,9,14,1923,257,Massachusetts,not,Bristol,3,0,0,0,0,0,0,0,0,0,0,0,0
triadenum_virginicum,rosid,M,NA,NEBC,28-Sep-1929,9,28,1929,271,Massachusetts,not,Bristol,0,0,0,0,0,0,0,0,0,0,0,0,0
triadenum_virginicum,rosid,F,NA,NEBC,18-Aug-1902,8,18,1902,230,Massachusetts,flowering,Barnstable,1,0,0,0,0,0,0,0,0,0,0,0,0
triadenum_virginicum,rosid,M,3152,NEBC,25-Aug-1914,8,25,1914,237,Massachusetts,not,Barnstable,3,0,0,0,0,0,0,0,0,0,0,0,0
triadenum_virginicum,rosid,M,17110,NEBC,27-Aug-1918,8,27,1918,239,Massachusetts,flowering,Barnstable,0,0,0,0,0,0,0,0,0,0,0,0,0
triadenum_virginicum,rosid,M,NA,NEBC,29-Jul-1914,7,29,1914,210,Massachusetts,flowering,Barnstable,1,0,0,0,0,0,0,0,0,0,0,0,0
triadenum_virginicum,rosid,M,2337,NEBC,1-Aug-1927,8,1,1927,213,Massachusetts,flowering,Barnstable,0,0,0,0,0,0,0,0,0,0,0,0,0
triadenum_virginicum,rosid,M,3095,NEBC,22-Aug-1914,8,22,1914,234,Massachusetts,not,Barnstable,0,0,0,0,0,0,0,0,0,0,0,0,0
triadenum_virginicum,rosid,M,18768,NEBC,27-Jul-1919,7,27,1919,208,Massachusetts,flowering,Barnstable,0,0,0,0,0,0,0,0,0,0,0,0,0
triadenum_virginicum,rosid,M,NA,NEBC,6-Aug-1906,8,6,1906,218,Massachusetts,not,Barnstable,0,0,0,0,0,0,0,0,0,0,0,0,0
triadenum_virginicum,rosid,M,C-18,NEBC,15-Aug-1917,8,15,1917,227,Massachusetts,not,Dukes,0,0,0,0,0,0,0,0,0,0,0,0,0
triadenum_virginicum,rosid,M,3171,NEBC,2-Oct-1927,10,2,1927,275,Massachusetts,not,Dukes,2,0,0,0,0,0,0,0,0,0,0,0,0
triadenum_virginicum,rosid,F,1472,GRAY,22-Aug-1916,8,22,1916,235,Massachusetts,flowering,Dukes,0,0,0,0,0,0,0,0,0,0,0,0,0
triadenum_virginicum,rosid,M,2748,NEBC,26-Aug-1927,8,26,1927,238,Massachusetts,flowering,Dukes,1,0,0,0,0,0,0,0,0,0,0,0,0
triadenum_virginicum,rosid,F,3016,NEBC,16-Sep-1934,9,16,1934,259,Massachusetts,not,Worcester,0,0,0,0,0,0,0,0,0,0,0,0,0
triadenum_virginicum,rosid,M,9141,GRAY,20-Aug-1936,8,20,1936,233,Massachusetts,flowering,Worcester,1,0,0,0,0,0,0,0,0,0,0,0,0
triadenum_virginicum,rosid,M,NA,NEBC,29-Jul-1918,7,29,1918,210,Massachusetts,flowering,Worcester,0,0,0,0,0,0,0,0,0,0,0,0,0
triadenum_virginicum,rosid,M,NA,NEBC,30-Aug-1919,8,30,1919,242,Rhode_Island,not,Washington,1,0,0,0,0,0,0,0,0,0,0,0,0
triadenum_virginicum,rosid,M,NA,NEBC,21-Aug-1913,8,21,1913,233,Rhode_Island,not,Washington,0,0,0,0,0,0,0,0,0,0,0,0,0
triadenum_virginicum,rosid,M,NA,NEBC,31-Aug-1919,8,31,1919,243,Rhode_Island,not,Washington,0,0,0,0,0,0,0,0,0,0,0,0,0
triadenum_virginicum,rosid,M,9927,NEBC,19-Aug-1913,8,19,1913,231,Rhode_Island,flowering,Newport,0,0,0,0,0,0,0,0,0,0,0,0,0
triadenum_virginicum,rosid,F,NA,NEBC,11-Aug-1944,8,11,1944,224,Connecticut,flowering,New_London,1,0,0,0,0,0,0,0,0,0,0,0,0
triadenum_virginicum,rosid,M,1545,NEBC,27-Aug-1912,8,27,1912,240,Connecticut,not,New_Haven,1,0,0,0,0,0,0,0,0,0,0,0,0
triadenum_virginicum,rosid,M,147,NEBC,28-Aug-1919,8,28,1919,240,Connecticut,not,Litchfield,0,0,0,0,0,0,0,0,0,0,0,0,0
triadenum_virginicum,rosid,M,NA,NEBC,18-Jul-1912,7,18,1912,200,Connecticut,not,Fairfield,0,0,0,0,0,0,0,0,0,0,0,0,0
viola_blanda,rosid,M,NA,NEBC,5-Aug-1906,8,5,1906,217,Massachusetts,not,Essex,3,0,0,0,0,0,0,0,0,0,0,0,0
viola_blanda,rosid,M,NA,NEBC,28-Jun-1959,6,28,1959,179,Massachusetts,not,Middlesex,0,0,0,0,0,0,0,0,0,0,0,0,0
viola_blanda,rosid,M,6787,NEBC,17-Jul-1920,7,17,1920,199,Massachusetts,not,Middlesex,0,0,0,0,0,0,0,0,0,0,0,0,0
viola_blanda,rosid,F,NA,GRAY,23-May-1905,5,23,1905,143,Massachusetts,flowering,Norfolk,1,0,0,0,0,0,0,0,0,0,0,0,0
viola_blanda,rosid,M,NA,GRAY,11-May-1902,5,11,1902,131,Massachusetts,flowering,Norfolk,0,0,0,0,0,0,0,0,0,0,0,0,0
viola_blanda,rosid,M,NA,NEBC,27-May-1923,5,27,1923,147,Massachusetts,flowering,Bristol,2,0,0,0,0,0,0,0,0,0,0,0,0
viola_blanda,rosid,M,NA,NEBC,16-May-1905,5,16,1905,136,Massachusetts,flowering,Bristol,1,0,0,0,0,0,0,0,0,0,0,0,0
viola_blanda,rosid,M,18812,NEBC,7-Aug-1919,8,7,1919,219,Massachusetts,not,Barnstable,2,2,0,0,0,0,0,0,0,0,0,0,0
viola_blanda,rosid,M,6117,NEBC,5-Jul-1913,7,5,1913,186,Massachusetts,not,Dukes,0,1,0,0,0,0,0,0,0,0,0,0,0
viola_blanda,rosid,M,12176,NEBC,12-May-1912,5,12,1912,133,Massachusetts,flowering,Franklin,0,0,0,0,0,0,0,0,0,0,0,0,0
viola_blanda,rosid,M,NA,NEBC,11-May-1912,5,11,1912,132,Massachusetts,flowering,Franklin,0,1,0,1,0,0,0,0,0,0,0,0,0
viola_blanda,rosid,M,NA,NEBC,30-May-1915,5,30,1915,150,Massachusetts,flowering,Franklin,0,0,0,0,0,0,0,0,0,0,0,0,0
viola_blanda,rosid,M,NA,NEBC,30-May-1912,5,30,1912,151,Massachusetts,not,Worcester,0,0,0,0,0,0,0,0,0,0,0,0,0
viola_blanda,rosid,M,NA,NEBC,18-Aug-1943,8,18,1943,230,Massachusetts,not,Worcester,1,0,0,0,0,0,0,0,0,0,0,0,0
viola_blanda,rosid,M,4951,NEBC,3-Sep-1917,9,3,1917,246,Massachusetts,not,Worcester,2,1,0,0,0,0,0,0,0,0,0,0,0
viola_blanda,rosid,M,NA,NEBC,25-Aug-1905,8,25,1905,237,Massachusetts,not,Franklin,1,0,0,0,0,0,0,0,0,0,0,0,0
viola_blanda,rosid,M,NA,NEBC,18-Jun-1921,6,18,1921,169,Massachusetts,not,Franklin,1,0,0,2,0,0,0,0,0,0,0,0,0
viola_blanda,rosid,M,NA,NEBC,11-May-1912,5,11,1912,132,Massachusetts,not,Franklin,2,0,0,0,0,0,0,0,0,0,0,0,0
viola_blanda,rosid,M,NA,NEBC,17-May-1913,5,17,1913,137,Massachusetts,flowering,Hampshire,2,0,0,0,0,0,0,0,0,0,0,0,0
viola_blanda,rosid,M,NA,NEBC,17-May-1913,5,17,1913,137,Massachusetts,flowering,Hampden,3,0,0,0,0,0,0,0,0,0,0,0,0
viola_blanda,rosid,M,NA,NEBC,18-May-1913,5,18,1913,138,Massachusetts,not,Hampden,0,0,0,0,0,0,0,0,0,0,0,0,0
viola_blanda,rosid,M,NA,NEBC,31-May-1919,5,31,1919,151,Massachusetts,flowering,Berkshire,1,0,0,0,0,0,0,0,0,0,0,0,0
viola_blanda,rosid,M,10011,GRAY,24-Jun-1913,6,24,1913,175,Massachusetts,not,Berkshire,1,0,0,1,0,0,0,0,0,0,0,0,0
viola_blanda,rosid,M,4292,GRAY,29-Jul-1916,7,29,1916,211,Massachusetts,not,Berkshire,2,0,0,0,0,0,0,0,0,0,0,0,0
viola_blanda,rosid,M,NA,NEBC,31-May-1919,5,31,1919,151,Massachusetts,flowering,Berkshire,0,0,0,0,0,0,0,0,0,0,0,0,0
viola_blanda,rosid,U,NA,NEBC,30-May-1918,5,30,1918,150,Massachusetts,flowering,Berkshire,1,0,0,0,0,0,0,0,0,0,0,0,0
viola_blanda,rosid,M,NA,NEBC,4-Jun-1920,6,4,1920,156,Massachusetts,not,Berkshire,0,0,0,0,0,0,0,0,0,0,0,0,0
viola_blanda,rosid,M,9125,GRAY,31-May-1924,5,31,1924,152,Massachusetts,flowering,Berkshire,0,0,0,0,0,0,0,0,0,0,0,0,0
viola_blanda,rosid,M,NA,GRAY,12-May-1907,5,12,1907,132,Rhode_Island,flowering,Providence,0,0,0,0,0,0,0,0,0,0,0,0,0
viola_blanda,rosid,M,NA,NEBC,21-May-1927,5,21,1927,141,Rhode_Island,flowering,Providence,0,0,0,0,0,0,0,0,0,0,0,0,0
viola_blanda,rosid,M,NA,NEBC,30-May-1911,5,30,1911,150,Rhode_Island,not,Providence,1,0,0,0,0,0,0,0,0,0,0,0,0
viola_blanda,rosid,U,NA,NEBC,10-Jun-1927,6,10,1927,161,Rhode_Island,not,Washington,1,3,0,0,0,0,0,0,0,0,0,0,0
viola_blanda,rosid,M,3173,NEBC,12-Jul-1913,7,12,1913,193,Connecticut,not,Tolland,0,0,0,0,0,0,0,0,0,0,0,0,0
viola_blanda,rosid,M,1231,NEBC,22-May-1904,5,22,1904,143,Connecticut,flowering,Hartford,0,0,0,0,0,0,0,0,0,0,0,0,0
viola_blanda,rosid,M,3095,NEBC,27-Jun-1913,6,27,1913,178,Connecticut,not,Hartford,0,1,0,0,0,0,0,0,0,0,0,0,0
viola_blanda,rosid,M,1709,NEBC,1-Jun-1913,6,1,1913,152,Connecticut,flowering,New_Haven,0,0,0,3,0,0,0,0,0,0,0,0,0
viola_blanda,rosid,M,D2192,NEBC,21-Jul-1921,7,21,1921,202,Connecticut,not,Litchfield,0,0,0,0,0,0,0,0,0,0,0,0,0
viola_blanda,rosid,M,5674,NEBC,25-Aug-1909,8,25,1909,237,Connecticut,not,Litchfield,3,1,0,0,0,0,0,0,0,0,0,0,0
viola_blanda,rosid,M,1694,NEBC,3-Jun-1906,6,3,1906,154,Connecticut,flowering,Litchfield,0,0,0,0,0,0,0,0,0,0,0,0,0
viola_blanda,rosid,M,NA,NEBC,19-Jul-1912,7,19,1912,201,Connecticut,not,New_Fairfield,0,0,0,0,0,0,0,0,0,0,0,0,0
viola_cucullata,rosid,M,NA,NEBC,10-May-1922,5,10,1922,130,Massachusetts,flowering,Essex,0,0,0,0,0,0,0,0,0,0,0,0,0
viola_cucullata,rosid,M,12332,NEBC,22-May-1932,5,22,1932,143,Massachusetts,flowering,Middlesex,0,0,0,0,0,0,0,0,0,0,0,0,0
viola_cucullata,rosid,M,NA,NEBC,11-Jun-1919,6,11,1919,162,Massachusetts,flowering,Middlesex,0,0,0,0,0,0,0,0,0,0,0,0,0
viola_cucullata,rosid,M,NA,NEBC,20-Sep-1903,9,20,1903,263,Massachusetts,not,Middlesex,4,0,0,0,0,0,0,0,0,0,0,0,0
viola_cucullata,rosid,M,15271,NEBC,27-May-1915,5,27,1915,147,Massachusetts,flowering,Middlesex,,0,0,0,0,0,0,0,0,0,0,0,0
viola_cucullata,rosid,M,36414,NEBC,9-May-1930,5,9,1930,129,Massachusetts,flowering,Suffolk,0,0,0,0,0,0,0,0,0,0,0,0,0
viola_cucullata,rosid,M,1507,NEBC,5-Jun-1904,6,5,1904,157,Massachusetts,flowering,Norfolk,0,0,0,0,0,0,0,0,0,0,0,0,0
viola_cucullata,rosid,M,NA,NEBC,27-Aug-1905,8,27,1905,239,Massachusetts,not,Norfolk,3,0,0,0,0,0,0,0,0,0,0,0,0
viola_cucullata,rosid,M,NA,NEBC,30-May-1909,5,30,1909,150,Massachusetts,flowering,Plymouth,1,0,0,0,0,0,0,0,0,0,0,0,0
viola_cucullata,rosid,M,NA,NEBC,11-May-1910,5,11,1910,131,Massachusetts,flowering,Bristol,0,0,0,0,0,0,0,0,0,0,0,0,0
viola_cucullata,rosid,M,NA,NEBC,5-Jun-1926,6,5,1926,156,Massachusetts,flowering,Bristol,0,0,0,0,0,0,0,0,0,0,0,0,0
viola_cucullata,rosid,M,NA,NEBC,10-Jun-1916,6,10,1916,162,Massachusetts,flowering,Barnstable,1,0,0,0,0,0,0,0,0,0,0,0,0
viola_cucullata,rosid,M,18799,NEBC,30-Jul-1919,7,30,1919,211,Massachusetts,not,Barnstable,1,0,0,0,0,0,0,0,0,0,0,0,0
viola_cucullata,rosid,M,1473,NEBC,19-Jun-1917,6,19,1917,170,Massachusetts,flowering,Dukes,2,0,0,0,0,0,0,0,0,0,0,0,0
viola_cucullata,rosid,M,7,NEBC,30-May-1900,5,30,1900,151,Massachusetts,flowering,Nantucket,2,0,0,0,0,0,0,0,0,0,0,0,0
viola_cucullata,rosid,M,NA,NEBC,7-Jun-1903,6,7,1903,158,Massachusetts,flowering,Worcester,0,0,0,0,0,0,0,0,0,0,0,0,0
viola_cucullata,rosid,M,NA,NEBC,23-May-1912,5,23,1912,144,Massachusetts,flowering,Worcester,1,0,0,1,0,0,0,0,0,0,0,0,0
viola_cucullata,rosid,M,NA,NEBC,1-Jun-1940,6,1,1940,153,Massachusetts,flowering,Worcester,1,0,0,0,0,0,0,0,0,0,0,0,0
viola_cucullata,rosid,M,1099,NEBC,22-Jun-1911,6,22,1911,173,Massachusetts,not,Worcester,1,0,0,0,0,0,0,0,0,0,0,0,0
viola_cucullata,rosid,M,NA,NEBC,27-Jul-1911,7,27,1911,208,Massachusetts,not,Franklin,2,0,0,0,0,0,0,0,0,0,0,0,0
viola_cucullata,rosid,M,NA,NEBC,11-May-1912,5,11,1912,132,Massachusetts,flowering,Franklin,0,0,0,0,0,0,0,0,0,0,0,0,0
viola_cucullata,rosid,M,NA,ECON,12-May-1941,5,12,1941,132,Massachusetts,flowering,Hampshire,0,0,0,0,0,0,0,0,0,0,0,0,0
viola_cucullata,rosid,M,40044,GRAY,29-May-1932,5,29,1932,150,Massachusetts,flowering,Hampden,3,1,0,0,0,0,0,0,0,0,0,0,0
viola_cucullata,rosid,M,86,GRAY,20-Sep-1913,9,20,1913,263,Massachusetts,not,Hampden,4,0,0,0,0,0,0,0,0,0,0,0,0
viola_cucullata,rosid,M,116,NEBC,17-May-1913,5,17,1913,137,Massachusetts,flowering,Hampden,0,0,0,0,0,0,0,0,0,0,0,0,0
viola_cucullata,rosid,M,NA,NEBC,15-May-1915,5,15,1915,135,Massachusetts,flowering,Berkshire,0,0,0,0,0,0,0,0,0,0,0,0,0
viola_cucullata,rosid,M,9978,NEBC,24-Jun-1913,6,24,1913,175,Massachusetts,not,Berkshire,0,0,0,0,0,0,0,0,0,0,0,0,0
viola_cucullata,rosid,M,NA,NEBC,16-Jun-1901,6,16,1901,167,Massachusetts,flowering,Berkshire,0,0,0,0,0,0,0,0,0,0,0,0,0
viola_cucullata,rosid,M,NA,NEBC,4-Jun-1920,6,4,1920,156,Massachusetts,flowering,Berkshire,0,0,0,0,0,0,0,0,0,0,0,0,0
viola_cucullata,rosid,M,NA,NEBC,29-May-1909,5,29,1909,149,Massachusetts,flowering,Berkshire,1,0,0,0,0,0,0,0,0,0,0,0,0
viola_cucullata,rosid,M,NA,NEBC,30-May-1909,5,30,1909,150,Massachusetts,flowering,Berkshire,0,0,0,0,0,0,0,0,0,0,0,0,0
viola_cucullata,rosid,M,NA,NEBC,29-May-1904,5,29,1904,150,Rhode_Island,flowering,Providence,0,0,0,0,0,0,0,0,0,0,0,0,0
viola_cucullata,rosid,M,1019,NEBC,30-May-1911,5,30,1911,150,Rhode_Island,flowering,Providence,0,0,0,0,0,0,0,0,0,0,0,0,0
viola_cucullata,rosid,M,NA,NEBC,10-Jun-1922,6,10,1922,161,Rhode_Island,not,Providence,0,0,0,1,0,0,0,0,0,0,0,0,0
viola_cucullata,rosid,M,NA,NEBC,21-May-1913,5,21,1913,141,Rhode_Island,flowering,Providence,0,0,0,0,0,0,0,0,0,0,0,0,0
viola_cucullata,rosid,M,NA,NEBC,30-May-1911,5,30,1911,150,Rhode_Island,flowering,Bristol,4,1,0,0,0,0,0,0,0,0,0,0,0
viola_cucullata,rosid,M,NA,NEBC,4-May-1910,5,4,1910,124,Rhode_Island,flowering,Newport,0,0,0,1,0,0,0,0,0,0,0,0,0
viola_cucullata,rosid,M,NA,NEBC,31-Jul-1906,7,31,1906,212,Rhode_Island,not,Windham,0,0,0,0,0,0,0,0,0,0,0,0,0
viola_cucullata,rosid,M,NA,NEBC,4-Oct-1914,10,4,1914,277,Connecticut,not,New_London,3,0,0,0,0,0,0,0,0,0,0,0,0
viola_cucullata,rosid,M,NA,NEBC,18-May-1913,5,18,1913,138,Connecticut,not,Hartford,2,0,0,0,0,0,0,0,0,0,0,0,0
vitis_labrusca,rosid,M,NA,NEBC,11-Sep-1938,9,11,1938,254,Massachusetts,not ,Essex,0,4,4,,,,,,,,,,
vitis_labrusca,rosid,M,15520,NEBC,27-Jun-1915,6,27,1915,178,Massachusetts,flowering,Essex,0,0,0,1,0,0,0,0,0,0,0,0,0
vitis_labrusca,rosid,M,NA,NEBC,6-Sep-1907,9,6,1907,249,Massachusetts,not,Middlesex,0,0,4,0,0,0,0,0,0,0,0,0,0
vitis_labrusca,rosid,M,1977,NEBC,8-Jun-1913,6,8,1913,159,Massachusetts,not,Middlesex,2,0,0,0,0,0,0,0,0,0,0,0,0
vitis_labrusca,rosid,M,15500,NEBC,25-Jun-1915,6,25,1915,176,Massachusetts,flowering,Middlesex,1,0,0,0,0,0,0,0,0,0,0,0,0
vitis_labrusca,rosid,M,9874,NEBC,22-Jun-1913,6,22,1913,173,Massachusetts,flowering,Middlesex,1,0,1,2,0,0,0,0,0,0,0,0,0
vitis_labrusca,rosid,M,20200,AA,17-Jun-1921,6,17,1921,168,Massachusetts,flowering,Norfolk,0,0,0,2,0,0,0,0,0,0,0,0,0
vitis_labrusca,rosid,M,NA,NEBC,4-Aug-1920,8,4,1920,217,Massachusetts,not,Norfolk,3,0,0,0,0,0,0,0,0,0,0,0,0
vitis_labrusca,rosid,M,NA,NEBC,11-Jun-1941,6,11,1941,162,Massachusetts,flowering,Norfolk,0,0,0,0,0,0,0,0,0,0,0,0,0
vitis_labrusca,rosid,M,15271,NEBC,20-Jun-1915,6,20,1915,171,Massachusetts,not,Plymouth,2,0,0,2,0,0,0,0,0,0,0,0,0
vitis_labrusca,rosid,M,NA,NEBC,11-Oct-1920,10,11,1920,285,Massachusetts,not,Plymouth,0,0,0,0,0,0,0,0,0,0,0,0,0
vitis_labrusca,rosid,M,985,NEBC,29-Jun-1907,6,29,1907,180,Massachusetts,flowering,Bristol,0,0,1,0,0,0,0,0,0,0,0,0,0
vitis_labrusca,rosid,M,16394,NEBC,10-Jun-1916,6,10,1916,162,Massachusetts,not,Barnstable,0,0,0,0,0,0,0,0,0,0,0,0,0
vitis_labrusca,rosid,M,NA,NEBC,10-Jun-1916,6,10,1916,162,Massachusetts,not,Barnstable,2,0,0,0,0,0,0,0,0,0,0,0,0
vitis_labrusca,rosid,M,9876,GRAY,9-Sep-1913,9,9,1913,252,Massachusetts,not,Barnstable,3,0,0,0,0,0,0,0,0,0,0,0,0
vitis_labrusca,rosid,M,18736,NEBC,18-Aug-1919,8,18,1919,230,Massachusetts,not,Barnstable,1,0,0,0,0,0,0,0,0,0,0,0,0
vitis_labrusca,rosid,M,2403,NEBC,9-Aug-1927,8,9,1927,221,Massachusetts,not,Barnstable,1,0,1,1,0,0,0,0,0,0,0,0,0
vitis_labrusca,rosid,M,17076,NEBC,30-Jun-1918,6,30,1918,181,Massachusetts,flowering,Barnstable,2,0,0,0,0,0,0,0,0,0,0,0,0
vitis_labrusca,rosid,M,1559,AA,30-Jun-1934,6,30,1934,181,Massachusetts,not,Barnstable,0,0,0,0,0,0,0,0,0,0,0,0,0
vitis_labrusca,rosid,M,1326,NEBC,15-Jun-1912,6,15,1912,167,Massachusetts,not,Barnstable,0,0,1,1,0,0,0,0,0,0,0,0,0
vitis_labrusca,rosid,F,NA,AA,31-Jul-1925,7,31,1925,212,Massachusetts,not,Dukes,1,3,0,0,0,0,0,0,0,0,0,0,0
vitis_labrusca,rosid,M,3028,NEBC,4-Sep-1927,9,4,1927,247,Massachusetts,not,Dukes,3,2,0,0,0,0,0,0,0,0,0,0,0
vitis_labrusca,rosid,M,23,GRAY,11-Jun-1900,6,11,1900,163,Massachusetts,not,Nantucket,0,0,0,0,0,0,0,0,0,0,0,0,0
vitis_labrusca,rosid,M,NA,NEBC,30-May-1914,5,30,1914,150,Massachusetts,not,Worcester,0,0,0,0,0,0,0,0,0,0,0,0,0
vitis_labrusca,rosid,M,23284,NEBC,10-Jun-1933,6,10,1933,161,Massachusetts,not,Worcester,0,0,0,0,0,0,0,0,0,0,0,0,0
vitis_labrusca,rosid,M,3626,NEBC,30-May-1912,5,30,1912,151,Massachusetts,not,Worcester,0,0,0,0,0,0,0,0,0,0,0,0,0
vitis_labrusca,rosid,M,18775,NEBC,31-May-1947,5,31,1947,151,Massachusetts,not,Worcester,0,0,0,0,0,0,0,0,0,0,0,0,0
vitis_labrusca,rosid,M,6154,NEBC,8-Jun-1944,6,8,1944,160,Massachusetts,not,Worcester,0,0,0,0,0,0,0,0,0,0,0,0,0
vitis_labrusca,rosid,M,25046,NEBC,20-Jun-1950,6,20,1950,171,Massachusetts,not,Worcester,0,0,0,0,0,0,0,0,0,0,0,0,0
vitis_labrusca,rosid,M,25050,NEBC,18-Jun-1950,6,18,1950,169,Massachusetts,not,Worcester,0,0,2,0,0,0,0,0,0,0,0,0,0
vitis_labrusca,rosid,M,NA,NEBC,18-May-1913,5,18,1913,138,Massachusetts,not,Hampden,0,0,2,0,0,0,0,0,0,0,0,0,0
vitis_labrusca,rosid,M,NA,NEBC,17-May-1913,5,17,1913,137,Massachusetts,not,Hampden,2,0,0,0,0,0,0,0,0,0,0,0,0
vitis_labrusca,rosid,M,NA,NEBC,5-Jun-1920,6,5,1920,157,Massachusetts,not,Berkshire,0,0,0,0,0,0,0,0,0,0,0,0,0
vitis_labrusca,rosid,M,NA,GRAY,29-May-1904,5,29,1904,150,Rhode_Island,not,Providence,0,0,0,2,0,0,0,0,0,0,0,0,0
vitis_labrusca,rosid,M,NA,NEBC,10-Jun-1922,6,10,1922,161,Rhode_Island,flowering,Providence,0,0,3,0,0,0,0,0,0,0,0,0,0
vitis_labrusca,rosid,M,NA,NEBC,23-Jul-1911,7,23,1911,204,Rhode_Island,not,Providence,1,1,0,0,0,0,0,0,0,0,0,0,0
vitis_labrusca,rosid,M,NA,NEBC,20-Jun-1912,6,20,1912,172,Rhode_Island,not,Kent,0,0,0,0,0,0,0,0,0,0,0,0,0
vitis_labrusca,rosid,M,NA,NEBC,17-Jun-1908,6,17,1908,169,Connecticut,not,Washington,0,2,0,0,0,0,0,0,0,0,0,0,0
vitis_labrusca,rosid,M,809,NEBC,20-Jun-1910,6,20,1910,171,Connecticut,flowering,New_Haven,1,0,0,0,0,0,0,0,0,0,0,0,0
vitis_labrusca,rosid,M,8722,NEBC,17-Sep-1913,9,17,1913,260,Connecticut,not,Fairfield,2,0,0,2,0,0,0,0,0,0,0,0,0